customer_id,name,email,address
1,Elizabeth Reilly,elizabethreilly@gmail.com,"83892 Morales Summit Apt. 577, South Derrickside, ME 95557"
2,David Taylor,davidtaylor@gmail.com,"747 Reed Plain, New Melanieton, MO 43564"
3,Kevin Hayden,kevinhayden@gmail.com,"686 Merritt Fields Apt. 143, New Cheryl, MP 94522"
4,Martin Gomez,martingomez@gmail.com,"368 Daniel Vista, East Carolyn, NY 59900"
5,Joseph Dominguez,josephdominguez@gmail.com,"7567 Allen Courts, Gonzalezside, WY 84297"
6,Nicole Gonzalez,nicolegonzalez@gmail.com,"887 Cody Wall, West Cameron, PW 40458"
7,Sarah Bauer,sarahbauer@gmail.com,"83038 Holder Green Apt. 750, Lake Alyssa, VA 31079"
8,John Guerrero,johnguerrero@gmail.com,"24072 Chavez Expressway Apt. 078, New Susan, MH 36610"
9,Dr. Theresa Moore,dr.moore@gmail.com,"543 Nicholas Mills, Lake Caroline, AZ 91953"
10,Jeffrey Carney,jeffreycarney@gmail.com,"79192 Ford Trafficway, Salazarshire, AR 40627"
11,Adam Woodard,adamwoodard@gmail.com,"Unit 6918 Box 5642, DPO AA 57210"
12,Rachel Green,rachelgreen@gmail.com,"25999 Jefferson Square, South Tammy, CA 74866"
13,Joseph Myers,josephmyers@gmail.com,"7312 Joseph Unions, South Dianaburgh, OK 32073"
14,Melissa Parrish,melissaparrish@gmail.com,"8908 Alvarado Skyway Suite 023, Lake Tommymouth, AK 60669"
15,Brian Harris,brianharris@gmail.com,"8908 Daniel Harbor, East Neil, MI 21320"
16,Jaime Silva,jaimesilva@gmail.com,"5221 Johnson Island Apt. 571, Williamstown, MI 96480"
17,Chelsea Ross,chelseaross@gmail.com,"1163 Amy Flat Suite 719, New Timothyton, CT 43972"
18,Matthew Stewart,matthewstewart@gmail.com,"716 Mariah Prairie, New Christinefurt, AS 69157"
19,Katie Fischer,katiefischer@gmail.com,"96711 Moran Fork, New Brittney, NH 11923"
20,Brian Stephens,brianstephens@gmail.com,"PSC 8967, Box 6967, APO AP 51336"
21,William Barnes,williambarnes@gmail.com,"289 Nicole Stream Suite 969, New Richard, IA 37619"
22,Kathleen Garcia,kathleengarcia@gmail.com,"90143 Sanchez Curve Suite 686, West Carlos, MP 70247"
23,Heather Huang,heatherhuang@gmail.com,"USNV Baird, FPO AP 89832"
24,Karen Edwards,karenedwards@gmail.com,"7704 Tucker Mills, East Jacob, MA 87998"
25,Jeffrey Johnson,jeffreyjohnson@gmail.com,"32539 James Ridges, Lake Amanda, NY 30535"
26,Monica Morales,monicamorales@gmail.com,"110 Patricia Via, East Kellyborough, OK 35111"
27,Walter Moore,waltermoore@gmail.com,"253 Susan Trafficway Suite 587, North Christopher, FM 31207"
28,Kaitlyn Berger,kaitlynberger@gmail.com,"6327 Lawrence Village Suite 389, Maldonadofort, CT 15064"
29,Kristina Mccann,kristinamccann@gmail.com,"Unit 0053 Box 2578, DPO AP 58544"
30,Gerald Parks,geraldparks@gmail.com,"5423 Morales Unions Apt. 745, Kellyburgh, VA 79992"
31,William Gonzalez,williamgonzalez@gmail.com,"27133 Briggs Trail, North Kimberlymouth, AK 94092"
32,Melissa Hoffman,melissahoffman@gmail.com,"9214 Matthew Rue Apt. 973, West Robert, MN 67242"
33,Beth Phillips,bethphillips@gmail.com,"6639 Katherine Crescent Suite 100, Martinmouth, NY 76997"
34,Amanda Davis,amandadavis@gmail.com,"382 Michael Mountain, Port Henryhaven, SC 07523"
35,Christine Hill,christinehill@gmail.com,"USNV Lopez, FPO AP 00932"
36,Angela Braun,angelabraun@gmail.com,"988 Julia Dale Apt. 733, Tinastad, GA 21715"
37,Christopher Fuller,christopherfuller@gmail.com,"9875 Stephanie Meadow Apt. 428, Dennisborough, MO 19722"
38,Alexandra Potter,alexandrapotter@gmail.com,"USS Pineda, FPO AA 04632"
39,Aaron Gordon,aarongordon@gmail.com,"06755 Karen Summit Suite 405, Erichaven, OH 27755"
40,Heather Kelly,heatherkelly@gmail.com,"PSC 3225, Box 2315, APO AA 34936"
41,Rebecca Nguyen,rebeccanguyen@gmail.com,"346 Smith Unions Apt. 520, Clarkeport, WY 41572"
42,Jerry Vargas,jerryvargas@gmail.com,"856 Lee Coves, Lopezfurt, IA 39121"
43,Haley Bailey,haleybailey@gmail.com,"USCGC Williams, FPO AE 94548"
44,David Cain,davidcain@gmail.com,"24009 Alex Expressway, Tonyaland, AK 98060"
45,Dana Wilson,danawilson@gmail.com,"0044 Kaitlin Forge, South Brett, MO 27306"
46,Tammy Scott,tammyscott@gmail.com,"USNS Fisher, FPO AP 73525"
47,Tim Schwartz,timschwartz@gmail.com,"402 Larson Roads, Jacobton, NC 59592"
48,Lauren Kennedy,laurenkennedy@gmail.com,"25679 Tami Mission Apt. 787, New Robertview, FL 37780"
49,Brandon Bartlett,brandonbartlett@gmail.com,"5088 Harris Divide Suite 061, South Stephenville, WY 62271"
50,Ann Armstrong,annarmstrong@gmail.com,"353 Christopher Circles, West Jeffrey, NH 22299"
51,Katherine Long,katherinelong@gmail.com,"6508 Bryant Walk, West Monique, WI 69350"
52,Emily Mercado,emilymercado@gmail.com,"112 Simpson Lock, Lake Wandaberg, KS 34750"
53,Anthony Dixon,anthonydixon@gmail.com,"3298 Anderson Hollow Suite 936, Anamouth, MO 04488"
54,Mark Hansen,markhansen@gmail.com,"2687 Mcgee Rapid, Cunninghamfort, MN 95897"
55,Shannon Byrd,shannonbyrd@gmail.com,"03095 Ramirez Pines, New Ericborough, CO 97549"
56,Samantha Church,samanthachurch@gmail.com,"741 Cohen Trafficway Suite 056, Lake Dustin, NM 80934"
57,Keith Smith,keithsmith@gmail.com,"7089 Graham Street Apt. 934, New Daniel, ME 04029"
58,Timothy Banks,timothybanks@gmail.com,"63275 Harvey Stream Suite 091, Kennethshire, NM 04014"
59,Kathleen Good,kathleengood@gmail.com,"1081 Sharp Crest Apt. 165, South Danielle, NJ 97610"
60,Allen Obrien,allenobrien@gmail.com,"42620 Jonathan Fort, East Janet, IN 68699"
61,Jacob Pratt,jacobpratt@gmail.com,"1633 Tucker Inlet, Moniquestad, ND 87550"
62,Eric Freeman,ericfreeman@gmail.com,"PSC 3595, Box 9813, APO AP 56638"
63,Mr. Jimmy Adams,mr.adams@gmail.com,"46288 Contreras Roads Apt. 358, Phillipville, NY 80236"
64,Samantha Horn,samanthahorn@gmail.com,"045 Jessica Street Apt. 854, Lauraport, CO 89896"
65,Kimberly Payne,kimberlypayne@gmail.com,"01017 Porter Field Apt. 727, Port Michael, AZ 05534"
66,Timothy Miller,timothymiller@gmail.com,"1615 Matthew Canyon, East Henry, NJ 98491"
67,Robert Lopez,robertlopez@gmail.com,"8459 Tina Bypass Apt. 707, New Kristen, KY 75506"
68,Sheila Rios,sheilarios@gmail.com,"294 Michael Valleys, Woodside, KS 84170"
69,John Yang PhD,johnphd@gmail.com,"624 Gomez Avenue, North Linda, PR 32193"
70,Pamela Johnson,pamelajohnson@gmail.com,"188 Barnes Highway, Port Stephanie, AS 91841"
71,Jennifer Adams,jenniferadams@gmail.com,"USNV Vasquez, FPO AA 14423"
72,Margaret Roberts,margaretroberts@gmail.com,"30042 Joanna Ford, Mcmillanville, MN 06366"
73,Patricia Spencer,patriciaspencer@gmail.com,"USNV Brown, FPO AA 43483"
74,Mr. Henry Greene MD,mr.md@gmail.com,"PSC 6380, Box 8269, APO AA 87936"
75,Emily Thomas,emilythomas@gmail.com,"907 Griffin Lodge Apt. 977, New Stevenmouth, NV 10703"
76,Louis Simpson,louissimpson@gmail.com,"00255 Michael Roads Apt. 916, Port James, ND 98870"
77,Sydney Smith,sydneysmith@gmail.com,"308 Nicholas Center Apt. 464, New Judith, ME 34130"
78,Kathryn Randall,kathrynrandall@gmail.com,"9446 Matthew Landing, North Jefferybury, GA 31250"
79,Brittany Davis,brittanydavis@gmail.com,"385 Kevin Isle Suite 412, Chapmanberg, OK 76296"
80,Kimberly Stewart,kimberlystewart@gmail.com,"54482 George Path Suite 486, Port Karaberg, PR 64949"
81,Kerri Reese,kerrireese@gmail.com,"996 Davis Green, Joseshire, IN 54326"
82,Erin Sosa,erinsosa@gmail.com,"763 Kimberly Rest Suite 213, Loriside, ID 57442"
83,Duane Dyer,duanedyer@gmail.com,"054 Cook Bypass Suite 684, South Cynthialand, PR 81679"
84,Justin Reed,justinreed@gmail.com,"829 Lowe Point Apt. 955, West Andrewborough, ID 24363"
85,Christopher Alvarez,christopheralvarez@gmail.com,"9293 Shirley Flat Apt. 464, North Maryborough, SD 45590"
86,Thomas Gross,thomasgross@gmail.com,"4298 Amy Flat Suite 037, Jasonberg, KY 27700"
87,Gregory Hill,gregoryhill@gmail.com,"60046 Ernest Inlet Suite 523, Jillchester, ID 57587"
88,Christine Boone,christineboone@gmail.com,"671 Jesse Roads Suite 511, Davidville, IL 84520"
89,James Kirk,jameskirk@gmail.com,"34573 James Flat Suite 179, Charlesborough, CT 27609"
90,Cheryl Ford,cherylford@gmail.com,"71544 Peter Knolls, Staceyfort, IA 94793"
91,Tiffany Perkins,tiffanyperkins@gmail.com,"15493 Snyder Greens Suite 590, Salastown, AK 43603"
92,Cameron Tran,camerontran@gmail.com,"029 Wayne Plaza Apt. 107, Nelsonburgh, AZ 28145"
93,Jason Williams,jasonwilliams@gmail.com,"88517 Patricia Plains, East Julian, MP 64272"
94,Melissa Ramos,melissaramos@gmail.com,"861 Tyler Port Suite 884, Ramosstad, NY 19104"
95,Michael Cordova,michaelcordova@gmail.com,"82383 Clark Knolls Suite 965, New Jeremiah, SD 41757"
96,Joshua Whitaker,joshuawhitaker@gmail.com,"4566 King Ville, Princebury, DE 22471"
97,Jennifer Weber,jenniferweber@gmail.com,"643 Nicole Views Suite 954, Gomezland, NE 17080"
98,Daniel Gonzalez,danielgonzalez@gmail.com,"727 Peterson Fork Apt. 460, South Jamie, ME 46609"
99,Daniel King,danielking@gmail.com,"00778 Stokes Divide, Williamtown, KS 63963"
100,Christina Dickerson,christinadickerson@gmail.com,"24751 Long Summit Apt. 086, Mooneyville, MN 50001"
101,Belinda Martinez,belindamartinez@gmail.com,"661 Terrence Shore, Madisonmouth, KY 81393"
102,Wayne Hopkins,waynehopkins@gmail.com,"509 Gomez Knoll Apt. 111, Lawrencebury, PR 80606"
103,Mrs. Mary Clark,mrs.clark@gmail.com,"USNV Stevens, FPO AA 71131"
104,Penny Dudley,pennydudley@gmail.com,"7372 Hardin Forest, Lake Helen, MD 94627"
105,Dennis Gilbert,dennisgilbert@gmail.com,"250 Maria Run Apt. 736, Hillstad, AZ 17548"
106,Tyler Bartlett,tylerbartlett@gmail.com,"2849 Cooper Shores Suite 015, Maddenmouth, AR 94624"
107,Craig Fisher,craigfisher@gmail.com,"14156 Jonathan Key Apt. 211, South Benjaminbury, IN 15248"
108,April Peters,aprilpeters@gmail.com,"0973 Douglas Stravenue, New Katelynchester, MO 30655"
109,Samantha Jensen,samanthajensen@gmail.com,"5067 Mary Bypass Suite 345, South Robertfort, NH 18798"
110,Cynthia Page,cynthiapage@gmail.com,"160 Love Divide Apt. 083, Byrdberg, RI 46918"
111,Michael Taylor,michaeltaylor@gmail.com,"437 Paul Crossing Apt. 620, Markberg, FM 79282"
112,Daniel Davis,danieldavis@gmail.com,"4260 Bryan Island Apt. 894, Harristown, NH 47769"
113,Joseph Aguirre,josephaguirre@gmail.com,"Unit 0842 Box 7364, DPO AE 97850"
114,Tina Jones,tinajones@gmail.com,"945 Diana Motorway Suite 665, East Jackhaven, AZ 95027"
115,Anna Gilbert,annagilbert@gmail.com,"197 Kenneth Gardens, New Pamelaton, CA 88704"
116,Timothy Hines,timothyhines@gmail.com,"4879 Thompson Bypass, Carrollbury, CT 58846"
117,Scott Bell Jr.,scottjr.@gmail.com,"81294 Blevins Land Suite 867, North Margaretfort, FM 87211"
118,Emily Hale,emilyhale@gmail.com,"054 Peter River Apt. 982, New Steven, KS 47683"
119,Donald Anderson,donaldanderson@gmail.com,"317 Medina Spring Suite 377, New Heidichester, SD 17829"
120,Gregory Camacho,gregorycamacho@gmail.com,"05333 Steele Lodge Suite 548, Heidihaven, OK 33135"
121,Jason Williams,jasonwilliams@gmail.com,"316 Leslie Viaduct, South Cynthia, WI 53969"
122,David Klein,davidklein@gmail.com,"994 Richardson Stream Apt. 677, Raymondborough, ME 38222"
123,Jessica Hobbs,jessicahobbs@gmail.com,"43924 Wanda Port Apt. 673, Trevormouth, AK 03722"
124,Brian Griffin,briangriffin@gmail.com,"PSC 1643, Box 0077, APO AA 51452"
125,Charles Benton,charlesbenton@gmail.com,"26913 Frederick Locks, Johnsonton, MT 36264"
126,Heather Glover,heatherglover@gmail.com,"22321 Miller Cove Apt. 062, Christopherchester, IL 22517"
127,Mark Mendez,markmendez@gmail.com,"2783 Tammy Lakes, New Sandra, AS 14842"
128,Sarah Price,sarahprice@gmail.com,"5420 Christopher Islands Apt. 982, West Ashley, CA 37867"
129,Bradley Schmitt,bradleyschmitt@gmail.com,"376 Tracey Cliff Suite 605, Ralphburgh, GA 70776"
130,Dawn Ward,dawnward@gmail.com,"36020 Stewart Village Suite 085, Christianland, RI 16286"
131,Elizabeth Cobb,elizabethcobb@gmail.com,"80097 Nathan Garden Suite 587, Pattersonview, MA 70362"
132,Linda Johnson,lindajohnson@gmail.com,"263 Micheal Ramp, Lake Dylan, VI 73843"
133,Alyssa Hodge,alyssahodge@gmail.com,"483 Wesley Unions, Larsenberg, VI 50260"
134,Joshua Harrell,joshuaharrell@gmail.com,"8947 Anderson Crossing Suite 232, Smithmouth, PR 93807"
135,Danielle Thompson,daniellethompson@gmail.com,"879 Clark Mountains, New Codyport, MS 63333"
136,Tara Smith,tarasmith@gmail.com,"264 Reynolds Locks, Kaneland, AZ 52707"
137,Robert Jones,robertjones@gmail.com,"44924 Jackson Parkways Apt. 411, East Teresa, DC 44287"
138,Leslie Norman,leslienorman@gmail.com,"68019 Mitchell Meadows, North Xavierstad, WY 62498"
139,Max Leonard,maxleonard@gmail.com,"20343 Morales Bypass, Jasonhaven, AS 85929"
140,Leah Freeman,leahfreeman@gmail.com,"Unit 4867 Box 7659, DPO AA 08167"
141,Matthew Welch,matthewwelch@gmail.com,"4837 Lucas View, North Jasonport, GA 49607"
142,Jennifer Payne,jenniferpayne@gmail.com,"7336 Blackburn Shoal, Jefferyfurt, ND 12983"
143,Matthew Obrien,matthewobrien@gmail.com,"05359 Williams Points Apt. 603, Alvaradobury, KS 40739"
144,Meredith Murray,meredithmurray@gmail.com,"189 Eddie Stream Suite 843, New Katherine, MH 49457"
145,Amber Gray,ambergray@gmail.com,"773 Stewart Forest Apt. 144, Scottfurt, NC 37107"
146,Douglas Phillips,douglasphillips@gmail.com,"11347 Tyler Gateway, Port Kathryn, NH 29688"
147,Heather Turner,heatherturner@gmail.com,"812 Fuller Court, New Lisamouth, MS 39185"
148,Travis Johnson,travisjohnson@gmail.com,"53317 Robin Manor Suite 058, Cortezburgh, WA 53713"
149,Barbara Cobb,barbaracobb@gmail.com,"5101 Anderson Center Apt. 780, Popeville, MA 01840"
150,Christine Griffin,christinegriffin@gmail.com,"437 Wallace Curve, New Donnashire, OH 17175"
151,Tammy Gonzalez,tammygonzalez@gmail.com,"096 Wolfe Lodge Apt. 021, Carterville, AL 65647"
152,Christina Mills,christinamills@gmail.com,"51755 Craig Brook, East Markville, NJ 57104"
153,Andrea Scott,andreascott@gmail.com,"35824 Velasquez Parkways Suite 067, Jenniferberg, KY 28906"
154,David Robinson,davidrobinson@gmail.com,"USS Duffy, FPO AP 72658"
155,Amber Martin,ambermartin@gmail.com,"695 Elliott Well Apt. 657, Lake Jessica, NM 32381"
156,Katie Welch,katiewelch@gmail.com,"97823 Howard Pines, Port Andres, MS 13853"
157,Casey Pace,caseypace@gmail.com,"897 Tammy Fall, West Georgeberg, IA 00574"
158,Regina Brown,reginabrown@gmail.com,"9637 Burke Dale Apt. 299, Lake Erin, MI 62127"
159,Ryan Pearson,ryanpearson@gmail.com,"4977 Christine Bypass, New Jasonburgh, WY 68608"
160,Danny Olsen,dannyolsen@gmail.com,"3378 Soto Oval Apt. 303, South Robertchester, UT 93661"
161,Jessica Jenkins,jessicajenkins@gmail.com,"36671 Schroeder Island Apt. 077, Deckerland, OK 48619"
162,Ariel Hogan,arielhogan@gmail.com,"PSC 1462, Box 0885, APO AE 92169"
163,Lynn Jennings,lynnjennings@gmail.com,"0747 Madison Neck Apt. 128, Perkinshaven, GU 25896"
164,Terrance Smith,terrancesmith@gmail.com,"9681 Sarah Valley, Martinville, PW 15094"
165,Russell Blackwell,russellblackwell@gmail.com,"3922 Kelly Circles, Hornechester, ID 48806"
166,Patrick Good,patrickgood@gmail.com,"781 William Ramp Apt. 695, Matthewport, CO 95389"
167,Amber Duarte,amberduarte@gmail.com,"6951 Justin Terrace Suite 548, North Kennethmouth, CA 03947"
168,Jose Wallace,josewallace@gmail.com,"251 Molina Cape, Langview, FM 28633"
169,Alejandro Garcia,alejandrogarcia@gmail.com,"189 Baker Neck, Hensleyborough, KS 17098"
170,Christopher Robinson,christopherrobinson@gmail.com,"PSC 5848, Box 3559, APO AE 20178"
171,Rebecca Gonzalez,rebeccagonzalez@gmail.com,"122 Matthews Mountains Apt. 273, Samanthaview, PR 99813"
172,Jared Taylor,jaredtaylor@gmail.com,"739 Vazquez Stream, North Aaronmouth, NH 55896"
173,Cory Newman,corynewman@gmail.com,"82778 Bryan Burg, Cantuton, FM 72638"
174,Melissa Gill,melissagill@gmail.com,"3687 Le Junction Apt. 967, Williamview, AK 61101"
175,Lori Peck,loripeck@gmail.com,"PSC 4745, Box 7056, APO AP 77506"
176,Robert Andersen,robertandersen@gmail.com,"717 Martinez Glens, Bowersport, AZ 75540"
177,Clinton Rose,clintonrose@gmail.com,"904 Matthew Haven Suite 790, Kaitlinmouth, DE 39525"
178,Andrea Jackson,andreajackson@gmail.com,"26323 Gina Plains Apt. 309, Port Jennachester, OR 79554"
179,Charles Hanson,charleshanson@gmail.com,"1915 Alejandra Common, New Thomasfurt, VT 90072"
180,Leslie Diaz,lesliediaz@gmail.com,"28153 Arellano Place, Janiceberg, NV 28439"
181,Carla Cook,carlacook@gmail.com,"6940 Dylan Place Apt. 388, West Jennifer, IN 11443"
182,Brent Byrd,brentbyrd@gmail.com,"04499 Jay Summit, Lake Courtney, ID 57462"
183,Darrell Chandler,darrellchandler@gmail.com,"924 Eric Lock Apt. 036, Howardberg, MI 74710"
184,Joshua Cummings,joshuacummings@gmail.com,"7870 Michael Mission Suite 460, Jessefurt, IL 88487"
185,David Jones,davidjones@gmail.com,"5385 Andrea Village, Port Kyle, AK 91967"
186,Michael Church,michaelchurch@gmail.com,"14690 Bryan Springs, Daltonland, NJ 85914"
187,Jeremy Arnold,jeremyarnold@gmail.com,"54316 Jack Spur, Lake Aprilfurt, PA 36576"
188,Robert Daniels,robertdaniels@gmail.com,"96377 James Knolls Suite 123, Perezville, GA 11301"
189,Alejandro Hill,alejandrohill@gmail.com,"74109 Smith Causeway Apt. 113, Port Claudiaborough, WV 84876"
190,Michael Mills,michaelmills@gmail.com,"4506 Martinez Port, Garciaview, PA 64972"
191,Victoria Camacho,victoriacamacho@gmail.com,"1584 Barry Brooks, West Maryview, NE 03023"
192,Elizabeth Miller,elizabethmiller@gmail.com,"46341 Liu Spur Apt. 850, Melissamouth, ID 85482"
193,Sean Griffin,seangriffin@gmail.com,"93773 Jones Groves Apt. 008, Kirkburgh, AR 65005"
194,Erika Rush,erikarush@gmail.com,"112 Alvarez Island, Watersport, DE 43587"
195,Steve Castro,stevecastro@gmail.com,"182 Nicholas Lock, Port Mary, SD 09894"
196,William Pruitt,williampruitt@gmail.com,"908 Kyle Dale, Nobletown, MN 50780"
197,Jessica Carroll,jessicacarroll@gmail.com,"536 Wilson Shores, Garyville, TN 52113"
198,Robert George,robertgeorge@gmail.com,"106 William Grove Apt. 902, East Thomas, AZ 42435"
199,Bruce Wilson,brucewilson@gmail.com,"088 Harper Corner Suite 997, West Brittanyhaven, FL 33854"
200,Douglas Hampton,douglashampton@gmail.com,"877 Taylor Prairie, Port Susanshire, CT 38640"
201,Karen Richardson,karenrichardson@gmail.com,"90782 Amanda Ranch, New Eric, WV 89320"
202,Rhonda Anderson,rhondaanderson@gmail.com,"17227 Wells Passage, Robertburgh, DC 65692"
203,William Banks,williambanks@gmail.com,"USNV Brooks, FPO AE 87316"
204,Catherine Riley,catherineriley@gmail.com,"720 Charles Parkways Apt. 109, West Abigail, AL 77296"
205,Dennis Shepard,dennisshepard@gmail.com,"75546 Cross Lane Suite 679, Mathisville, ID 77770"
206,Monica Brown,monicabrown@gmail.com,"2073 Katherine Street, Tinastad, HI 90823"
207,Tracey Mullins,traceymullins@gmail.com,"596 Huber Streets Apt. 130, Jonesville, KY 15129"
208,Glen Hayes,glenhayes@gmail.com,"888 Bryan Stream Apt. 475, West Deanview, VI 14307"
209,Mark Miller,markmiller@gmail.com,"9790 Thomas Junctions, North Tiffanyshire, GU 86198"
210,Kelly Welch,kellywelch@gmail.com,"7332 Kimberly Views, North Melissa, VA 57963"
211,Ronald Stein,ronaldstein@gmail.com,"7692 Derek Manors, Port John, AL 53600"
212,Janet Evans,janetevans@gmail.com,"86596 Russell Key, Port Brandon, VI 93281"
213,Robert Harper,robertharper@gmail.com,"7900 Johnson Turnpike Suite 110, Zamoraberg, FL 07415"
214,Amanda Gonzalez,amandagonzalez@gmail.com,"096 Olson Cliffs Suite 433, West Kyleborough, AL 41905"
215,Jason Johnson,jasonjohnson@gmail.com,"68283 Richard Freeway, New Eric, WI 24557"
216,Deanna Gonzales,deannagonzales@gmail.com,"3832 Jennifer Unions Apt. 239, Jacksonchester, DC 72473"
217,Jacob Moore,jacobmoore@gmail.com,"557 Smith Harbors, Brownmouth, MT 68053"
218,Jonathan Clay,jonathanclay@gmail.com,"92716 Mercer Station, Lake Justintown, IL 70478"
219,Rachel Martin,rachelmartin@gmail.com,"660 Drake Villages, Lake Nicholasside, RI 35632"
220,Paul Smith,paulsmith@gmail.com,"654 Heather Brook Apt. 450, Port Michaeltown, CT 07433"
221,Ruben Mcmahon,rubenmcmahon@gmail.com,"995 Allen Pass, Weberhaven, SD 49751"
222,Jordan Brown,jordanbrown@gmail.com,"236 Lauren Mill Suite 538, Crawfordfurt, AR 93096"
223,Brittney Bradley,brittneybradley@gmail.com,"606 Nelson Well, Port Robertmouth, SC 09089"
224,Keith Arnold,keitharnold@gmail.com,"596 Peter Square Suite 091, Christinaland, WA 02229"
225,William Morris,williammorris@gmail.com,"067 Singleton Crest Apt. 310, Danielside, NJ 62458"
226,Nicholas Valdez,nicholasvaldez@gmail.com,"9819 Kimberly Village, West Davidburgh, MP 67308"
227,Brandy Ellis,brandyellis@gmail.com,"Unit 1025 Box 8184, DPO AE 15646"
228,Keith Meyers,keithmeyers@gmail.com,"37385 Ball Crescent, New Cole, TX 91499"
229,Theresa Mcdonald,theresamcdonald@gmail.com,"6166 John Points, Audreystad, MH 95190"
230,Brittany Gates,brittanygates@gmail.com,"59632 Watkins Mews Suite 774, East Maria, RI 21874"
231,Jesse Burnett,jesseburnett@gmail.com,"3734 Michael Spurs Suite 679, Patriciahaven, HI 18467"
232,Patrick Cook,patrickcook@gmail.com,"66067 Darrell Corners Apt. 751, Sarahfurt, MS 45952"
233,Wayne Williams,waynewilliams@gmail.com,"USNV Rogers, FPO AE 90023"
234,Timothy Duke,timothyduke@gmail.com,"2347 Debra Locks Apt. 525, West Alejandroville, IN 53753"
235,Robert Johnson,robertjohnson@gmail.com,"5742 Byrd Ports Apt. 509, Cantumouth, KY 68998"
236,Lisa Thompson,lisathompson@gmail.com,"7029 Michele Islands, Clarkfort, DC 13662"
237,Benjamin Richardson,benjaminrichardson@gmail.com,"59666 Joe Way, Port Donaldhaven, MD 52955"
238,Mr. Dustin Parks,mr.parks@gmail.com,"9624 Waters Mews Apt. 221, Jonesland, CO 12419"
239,Diane Garner,dianegarner@gmail.com,"USS Smith, FPO AA 40514"
240,Matthew Horton,matthewhorton@gmail.com,"8471 Stevens Divide Apt. 300, Adamsmouth, DC 03630"
241,Douglas Nguyen,douglasnguyen@gmail.com,"132 Lloyd Ports, West Austin, CT 79479"
242,Luke Greene,lukegreene@gmail.com,"83195 Jones Mountains Apt. 120, Port Nicole, AS 44639"
243,John Serrano,johnserrano@gmail.com,"40404 Emily Vista Suite 523, Lake Matthew, VI 46183"
244,Robert Smith,robertsmith@gmail.com,"460 Hood Wells Apt. 107, Colonstad, KS 13509"
245,Barbara Bishop,barbarabishop@gmail.com,"Unit 0539 Box 7592, DPO AP 69934"
246,Brandon Bauer,brandonbauer@gmail.com,"417 Stephanie Shoal, Joseland, CT 76258"
247,Kelly Townsend,kellytownsend@gmail.com,"53804 Jeffery Dale Suite 078, Alexanderfurt, NM 29714"
248,Amber Price,amberprice@gmail.com,"655 Monica Keys, Daltonside, MA 50586"
249,Matthew Moreno,matthewmoreno@gmail.com,"238 Beverly Shoals Apt. 479, Byrdshire, MA 71940"
250,Christina Molina,christinamolina@gmail.com,"1546 Andrew Summit, Lake Jonathanland, CA 60638"
251,Benjamin Cook,benjamincook@gmail.com,"USNV Mueller, FPO AA 09363"
252,Glenn Hines,glennhines@gmail.com,"414 Hughes Lane, Chandlerstad, GA 38596"
253,Alicia Webster,aliciawebster@gmail.com,"37905 James Estates, Lake Pamelahaven, MT 64504"
254,Bobby Buck,bobbybuck@gmail.com,"2200 Thomas Corner Suite 165, North Cristinastad, NJ 79327"
255,James Schmidt,jamesschmidt@gmail.com,"59288 Ramsey Forks, East Josetown, MP 39016"
256,Ann Adams,annadams@gmail.com,"73288 Acevedo Station Apt. 162, Stevensfort, MH 19434"
257,Jim Cardenas,jimcardenas@gmail.com,"9154 Bauer Drives Suite 063, Tarastad, KY 39565"
258,Jeremy Hahn,jeremyhahn@gmail.com,"436 James Causeway Suite 440, Josetown, NE 63834"
259,Mr. Steven Vaughan V,mr.v@gmail.com,"6926 Martin Burgs, South Sarahburgh, AZ 04498"
260,Samantha Frazier,samanthafrazier@gmail.com,"08082 Jeffrey Fort, New Dylan, PA 60342"
261,Bruce Douglas,brucedouglas@gmail.com,"684 Crystal Cove, North Diana, CO 35581"
262,Eric Benitez,ericbenitez@gmail.com,"USS Silva, FPO AA 58590"
263,John Brown,johnbrown@gmail.com,"410 Kyle Rapid, Robinstad, NJ 72209"
264,David Whitaker,davidwhitaker@gmail.com,"940 Samuel Stravenue Apt. 762, New Royview, ME 63760"
265,Mary Gates DDS,marydds@gmail.com,"USNV Jordan, FPO AE 52379"
266,Darrell Moreno,darrellmoreno@gmail.com,"USNS Riddle, FPO AE 06476"
267,Karen Kelly,karenkelly@gmail.com,"4279 Davis Squares, Lake Melissaborough, OH 37727"
268,Sandy Morton,sandymorton@gmail.com,"83900 Barker Parks, Donnafurt, ID 37727"
269,Kimberly Young,kimberlyyoung@gmail.com,"Unit 6579 Box 7898, DPO AP 02882"
270,Lisa Mitchell,lisamitchell@gmail.com,"Unit 4783 Box 9841, DPO AP 47576"
271,Thomas Rivera,thomasrivera@gmail.com,"490 Danielle Loop Suite 605, Lauraview, FM 85408"
272,Charles Short,charlesshort@gmail.com,"379 Brian Passage Apt. 907, North Brianfurt, ID 89105"
273,Carol Jackson,caroljackson@gmail.com,"51293 Jeffrey Curve, Lake Tylerland, CO 13390"
274,Brandi Anderson,brandianderson@gmail.com,"19212 Fisher Tunnel Suite 811, Debraborough, AL 76135"
275,James Jones,jamesjones@gmail.com,"25316 Moore Drives, East Gregorymouth, DC 89026"
276,Ellen Hobbs,ellenhobbs@gmail.com,"4230 Timothy Green, Janicestad, VI 38699"
277,Emily Walker,emilywalker@gmail.com,"7124 Miller Villages, East Krista, KY 30225"
278,Kara Evans,karaevans@gmail.com,"20595 Calvin Landing Suite 593, Theodorefort, ID 66871"
279,Michelle Roberts,michelleroberts@gmail.com,"368 Dominic Coves, North Thomasshire, CA 85853"
280,Brandon Escobar,brandonescobar@gmail.com,"02569 David Isle, Laramouth, NH 84313"
281,Terry Sutton,terrysutton@gmail.com,"2751 Wilson Mews, Scottbury, GA 45038"
282,Adam Ruiz,adamruiz@gmail.com,"49032 Jamie Course Suite 069, West Megan, MA 46502"
283,Brian Harris,brianharris@gmail.com,"91321 Jack Ville Apt. 563, Taramouth, MI 68821"
284,Mark Gomez,markgomez@gmail.com,"5552 Jennifer Pines, Cathyland, NE 19795"
285,Christine Young,christineyoung@gmail.com,"14848 Zhang Villages, Jonathanville, VA 27524"
286,Lance Pierce,lancepierce@gmail.com,"8870 Craig Curve Apt. 914, New Lancehaven, SC 13636"
287,Rachel Mitchell,rachelmitchell@gmail.com,"8041 Cook Street, Matthewburgh, MO 06435"
288,Danielle Williamson,daniellewilliamson@gmail.com,"9209 Robert Crossing, New Shawnborough, OH 74664"
289,James Walsh,jameswalsh@gmail.com,"572 Small Crescent, Port Lukestad, AK 91924"
290,John Kelley,johnkelley@gmail.com,"5911 Paul Dale, West Johnfort, VI 65664"
291,Evan Washington,evanwashington@gmail.com,"903 Thomas Spurs Suite 582, Stevensland, VA 18418"
292,Mary Young,maryyoung@gmail.com,"Unit 5448 Box 3722, DPO AE 10246"
293,Kristina Fletcher,kristinafletcher@gmail.com,"5696 Dean Trail Suite 485, West Chris, CT 28179"
294,Michelle Davis,michelledavis@gmail.com,"27130 Lee Heights, Port Charlesfurt, NH 30696"
295,Lisa Walker,lisawalker@gmail.com,"987 Robert Keys Suite 045, South Ana, CT 56732"
296,Kelli Poole,kellipoole@gmail.com,"186 John Isle, East Sheila, IN 64344"
297,David Wright,davidwright@gmail.com,"458 Sherry Drive Apt. 355, Angelicatown, VT 12912"
298,Holly Gillespie,hollygillespie@gmail.com,"59456 Gutierrez Field Suite 916, Sullivanchester, MS 47640"
299,Derrick Carrillo,derrickcarrillo@gmail.com,"7961 Page Plain Apt. 164, West Meghan, NH 51303"
300,Kimberly Estes,kimberlyestes@gmail.com,"09797 David Radial, West Stephenshire, MS 41939"
301,Paul Rivas,paulrivas@gmail.com,"Unit 1521 Box 6489, DPO AA 92671"
302,Whitney Woods,whitneywoods@gmail.com,"672 Colon Junctions Apt. 670, New Ginaborough, TX 97339"
303,Jeffrey Harrison,jeffreyharrison@gmail.com,"5428 Tracey Loaf Apt. 746, East Natalie, MH 45709"
304,Mr. Jeffrey Rice,mr.rice@gmail.com,"61666 Melinda Pines, East Cassiefort, CT 06768"
305,Eddie Wright,eddiewright@gmail.com,"806 Hernandez Plaza Apt. 703, Darrellport, NC 01815"
306,Jordan Anderson,jordananderson@gmail.com,"090 Diaz Throughway Apt. 224, Hessville, KS 73640"
307,Carolyn Walter,carolynwalter@gmail.com,"829 Donald Mission Suite 808, West Randy, AS 10822"
308,Megan Poole DDS,megandds@gmail.com,"35428 Michael Neck, Kington, PA 75555"
309,Julie Harrison,julieharrison@gmail.com,"9548 Walter Spurs, East Christina, ND 37513"
310,Blake Goodman,blakegoodman@gmail.com,"572 Sabrina Land, Blakeberg, SD 00869"
311,Shelby Shannon,shelbyshannon@gmail.com,"Unit 9985 Box 7487, DPO AA 33452"
312,Ryan Castro,ryancastro@gmail.com,"161 Walter Drives Suite 608, West Robinmouth, WA 06833"
313,William Knapp,williamknapp@gmail.com,"602 Munoz Walks, West Shelby, CT 63072"
314,Melissa Lyons,melissalyons@gmail.com,"112 Nicolas Mission Apt. 159, Lake Christianfurt, PW 90011"
315,Anne Miller,annemiller@gmail.com,"01723 Amy Shores Apt. 945, Tylerfurt, WY 11589"
316,Melanie Bowen,melaniebowen@gmail.com,"8181 Young Spur Suite 423, Garciamouth, KY 76396"
317,James Vaughn,jamesvaughn@gmail.com,"USNS Hahn, FPO AA 89908"
318,Justin Gray,justingray@gmail.com,"37951 Williams Mountain, Kimmouth, FM 31852"
319,Christopher Weiss,christopherweiss@gmail.com,"2781 Smith Isle, Brettville, GU 89882"
320,Paul Morales,paulmorales@gmail.com,"0563 Butler Turnpike Suite 359, Port Mary, FL 87453"
321,Dawn Jackson,dawnjackson@gmail.com,"0714 Michael Station Apt. 250, East Jeffrey, AK 77450"
322,Jason Nunez,jasonnunez@gmail.com,"02651 Hannah Drive, Lake Connie, PA 27481"
323,Timothy Gomez,timothygomez@gmail.com,"6999 Mark Trafficway Apt. 137, New Stephanieton, ME 47353"
324,Jermaine Moreno,jermainemoreno@gmail.com,"727 Jennifer Stravenue Suite 933, Lake Jennifer, NM 67467"
325,Nancy Taylor,nancytaylor@gmail.com,"17456 Tiffany Fork Suite 275, Jonathanland, WV 93094"
326,Tara Brown,tarabrown@gmail.com,"404 Angela Circles, New Katrinastad, NM 62524"
327,Mrs. Casey Williamson,mrs.williamson@gmail.com,"400 Sweeney Village Suite 313, Howehaven, SD 50172"
328,Samuel Moore,samuelmoore@gmail.com,"665 Holden Field Suite 921, Michaelfurt, VI 78970"
329,Nicole Mcclain,nicolemcclain@gmail.com,"524 David Shore, Powellville, TX 41277"
330,Tammie Black,tammieblack@gmail.com,"0591 Odom Harbor, Port Kathyburgh, PA 40998"
331,Amanda Marshall,amandamarshall@gmail.com,"PSC 6719, Box 3075, APO AP 61257"
332,Justin Haas,justinhaas@gmail.com,"USNV Browning, FPO AA 14172"
333,Valerie Johnson,valeriejohnson@gmail.com,"722 Ryan Union, Shaneshire, IN 13281"
334,Lori Schultz,lorischultz@gmail.com,"62243 Laura Drive, East Laurenfurt, MI 26967"
335,Eric Russell,ericrussell@gmail.com,"9487 Kathy Plains, Copelandbury, DE 74708"
336,Dominique Lozano,dominiquelozano@gmail.com,"262 John Mountain Apt. 823, South Janet, MI 03386"
337,Erica Krueger,ericakrueger@gmail.com,"4660 Philip Road, Milesstad, OH 57183"
338,Laura Evans,lauraevans@gmail.com,"717 Fisher Park, Angelaside, WI 68253"
339,Ryan Esparza,ryanesparza@gmail.com,"56825 Thompson Dale, Wilsonshire, HI 80798"
340,Samantha Cain,samanthacain@gmail.com,"USNV Garcia, FPO AE 48095"
341,Mr. Tyrone Crawford DVM,mr.dvm@gmail.com,"229 Gonzalez Hill, Brendanfort, MT 89167"
342,Megan Smith,megansmith@gmail.com,"Unit 8859 Box 9131, DPO AE 14505"
343,Erica Gallagher,ericagallagher@gmail.com,"4961 Carolyn Throughway, Evanport, OR 59965"
344,Bruce Norman,brucenorman@gmail.com,"01825 Wood Route Apt. 026, Stevenberg, MA 72668"
345,Michael Simmons,michaelsimmons@gmail.com,"9493 Judy Spur Suite 321, North Robinfurt, AS 60266"
346,Thomas Macdonald,thomasmacdonald@gmail.com,"7997 Tina Extension Apt. 016, New Brenda, OK 21316"
347,Herbert Mccann,herbertmccann@gmail.com,"4550 Tammy Port, Hineschester, NJ 33679"
348,Gina Miranda,ginamiranda@gmail.com,"263 Kurt Tunnel, South John, TX 52597"
349,Margaret Brown,margaretbrown@gmail.com,"82700 Thomas Mount Apt. 926, Holderborough, MO 10313"
350,Daniel Bruce,danielbruce@gmail.com,"08891 Sandra View Suite 124, North Karinabury, OK 35525"
351,Jason Skinner,jasonskinner@gmail.com,"9062 Patricia Plain, Debramouth, MT 59813"
352,Kathryn Barron,kathrynbarron@gmail.com,"15048 Edward Place, East Steventon, ME 83182"
353,Tina Kelly,tinakelly@gmail.com,"4626 Lopez Isle, North Suzanneborough, NM 11394"
354,Jennifer Morris,jennifermorris@gmail.com,"3490 Campbell Lake Suite 013, Diazfort, LA 82188"
355,Samantha Alvarez,samanthaalvarez@gmail.com,"48391 Gary Fort Apt. 828, Baldwinmouth, PA 68146"
356,Mark Torres,marktorres@gmail.com,"443 Fisher Orchard, West Anthonyport, OR 17041"
357,Karen Johnson,karenjohnson@gmail.com,"2701 Veronica Pass, East Randallport, CT 20097"
358,Jordan Holt,jordanholt@gmail.com,"0580 Walker Ville Suite 485, New Sharon, IL 64615"
359,Brittney Roy,brittneyroy@gmail.com,"45179 Alexander Curve, North Timothy, ID 40843"
360,Lori Carter,loricarter@gmail.com,"067 Jeremy Wall Apt. 328, Port Kimberly, CO 09993"
361,Kevin Rodriguez,kevinrodriguez@gmail.com,"767 Brian Prairie Suite 165, South Cheryl, IA 58716"
362,Diane Foley,dianefoley@gmail.com,"207 David Pines Suite 630, West Shannon, PA 21699"
363,John Lopez,johnlopez@gmail.com,"730 Sloan Lodge Apt. 110, Williamfurt, PR 51913"
364,Diane Soto,dianesoto@gmail.com,"338 Tracy Dam, Mollybury, ID 26589"
365,Mr. Brian Li,mr.li@gmail.com,"8199 Brian Corners Suite 693, North Michael, WV 19617"
366,Brandon Holmes,brandonholmes@gmail.com,"58110 Patrick Square Apt. 170, East Melissa, TX 84360"
367,Christine Pena,christinepena@gmail.com,"1708 King Junctions Apt. 466, Shannonborough, MT 72317"
368,Keith Cole,keithcole@gmail.com,"4488 Joshua Centers Suite 697, West Allison, PW 94869"
369,Joseph Jackson,josephjackson@gmail.com,"362 Greene Forges, Debraview, CT 44823"
370,Tiffany Hayden,tiffanyhayden@gmail.com,"2418 Chambers Field, Roberttown, MO 42946"
371,Sharon Smith,sharonsmith@gmail.com,"03001 James Crossing, North Elizabeth, LA 37102"
372,Mr. John Christensen,mr.christensen@gmail.com,"2452 Stephanie Circle Suite 977, Natashachester, HI 41363"
373,Amanda Hebert,amandahebert@gmail.com,"296 Donald Village Apt. 948, Carolineberg, PA 48587"
374,Kimberly Washington,kimberlywashington@gmail.com,"24370 Long Parkway, Haneyborough, VI 38059"
375,Jennifer Baker,jenniferbaker@gmail.com,"1466 James Trail, North Josephside, TN 86341"
376,Christopher Jackson,christopherjackson@gmail.com,"360 Dean Station Apt. 558, West Brian, CT 29933"
377,Jeffery Jones,jefferyjones@gmail.com,"151 Natalie Oval Apt. 724, South Emmastad, OR 41753"
378,Timothy Diaz,timothydiaz@gmail.com,"97719 Joseph Mews Suite 671, Hendricksborough, NC 38089"
379,Ashley Walker,ashleywalker@gmail.com,"11131 Daniel Drives Suite 193, Lake Peter, NJ 03662"
380,Suzanne Schmidt,suzanneschmidt@gmail.com,"872 Mendoza Spur Apt. 299, Farmerstad, CT 17369"
381,Janice Martinez,janicemartinez@gmail.com,"045 Timothy Canyon, Mariaton, MN 76403"
382,Kenneth Conley,kennethconley@gmail.com,"267 Hernandez Lodge, Maciaston, CO 85823"
383,Troy Jones,troyjones@gmail.com,"0631 Chad Ramp, Williamsmouth, MP 43505"
384,Walter Riley,walterriley@gmail.com,"PSC 1948, Box 7069, APO AA 04994"
385,Anna Hernandez,annahernandez@gmail.com,"73144 James Coves, Knightburgh, CO 66089"
386,James Reilly,jamesreilly@gmail.com,"2895 Woods Turnpike Apt. 358, South Brianland, RI 48064"
387,Walter Miller,waltermiller@gmail.com,"58978 Susan Highway, North Matthew, MN 73185"
388,Scott Flores,scottflores@gmail.com,"23734 Anderson Stravenue, Gutierrezland, AZ 97056"
389,Sharon Ramirez,sharonramirez@gmail.com,"96571 Butler Gateway, Franciscostad, MI 72169"
390,Shawn Olson,shawnolson@gmail.com,"Unit 4425 Box 9477, DPO AP 18734"
391,Laurie Cox,lauriecox@gmail.com,"04896 Hardy Glen Apt. 486, Michaelfurt, HI 26856"
392,Ashley Gonzales,ashleygonzales@gmail.com,"148 Linda Haven Suite 546, Loveberg, OR 81725"
393,Rachel Ramirez,rachelramirez@gmail.com,"PSC 7024, Box 3396, APO AE 05810"
394,Phillip Lopez,philliplopez@gmail.com,"314 Carlos Bridge Apt. 001, Rebeccahaven, CA 01003"
395,Christopher Estes,christopherestes@gmail.com,"3375 Ashley Crest, Port Ashleyland, LA 90960"
396,Billy Fields,billyfields@gmail.com,"4265 Miller Wall, North Gary, UT 51218"
397,Sherry Poole,sherrypoole@gmail.com,"5424 Micheal Village Suite 624, Howardfurt, PR 03183"
398,Veronica Johnson,veronicajohnson@gmail.com,"30768 Lopez Corners Suite 659, Angelashire, WI 04399"
399,Douglas Archer,douglasarcher@gmail.com,"9113 Garza Fields Suite 663, South Tylerstad, NY 92453"
400,Courtney Campbell,courtneycampbell@gmail.com,"859 Nathaniel Crossroad Apt. 812, Deborahshire, NV 87410"
401,Michele Lewis,michelelewis@gmail.com,"0094 John Oval, Lake Robertaland, NC 20561"
402,Stephanie Adams,stephanieadams@gmail.com,"49872 Virginia Walk, Shannonville, OH 41652"
403,Blake Blackburn,blakeblackburn@gmail.com,"8841 Jonathan Gateway, South Renee, LA 94478"
404,Amber Leach,amberleach@gmail.com,"984 Patty Orchard Apt. 683, Smithville, NJ 06736"
405,James Avery,jamesavery@gmail.com,"5292 Torres Square Apt. 623, Bowmanfurt, AR 89535"
406,Kristen Carter,kristencarter@gmail.com,"651 Catherine Lodge, Edwardstown, UT 05212"
407,Kathryn Shaw,kathrynshaw@gmail.com,"973 Daniel Shoals Suite 266, Royland, MN 49875"
408,Brian Cross,briancross@gmail.com,"830 Holden Springs, East Sarahport, NE 29535"
409,Ivan Moon,ivanmoon@gmail.com,"8670 Kathleen Prairie, Johnsonchester, CA 32749"
410,Crystal Richardson,crystalrichardson@gmail.com,"65025 Richard Branch, Michaelport, FM 11716"
411,Jacqueline Rangel,jacquelinerangel@gmail.com,"171 Ariel Corner, Lake Melanie, TX 87370"
412,Michael Walsh,michaelwalsh@gmail.com,"79577 Burton Port, Hughesbury, OR 70106"
413,Mr. David Santos,mr.santos@gmail.com,"6077 Williams Neck, Timothytown, IN 75493"
414,Karen Woods,karenwoods@gmail.com,"7236 Theresa Track, Dawsonville, GA 09505"
415,Tony Hamilton,tonyhamilton@gmail.com,"6831 Hampton Center Suite 208, Lake Casey, NV 72236"
416,Veronica Cross,veronicacross@gmail.com,"9761 Scott Stravenue, Lake Jennifer, PA 30870"
417,Gloria Meyer,gloriameyer@gmail.com,"Unit 2463 Box 5565, DPO AA 22864"
418,David Ingram,davidingram@gmail.com,"Unit 1282 Box 5281, DPO AE 08907"
419,Leah Lee,leahlee@gmail.com,"99818 Jones Landing, Lake Brian, PW 96550"
420,Reginald Roberts,reginaldroberts@gmail.com,"5355 Bruce Courts Suite 067, Dyerton, AK 45821"
421,John Hayes,johnhayes@gmail.com,"7952 Thomas Highway, Lake Amy, TN 57131"
422,Colleen Stone,colleenstone@gmail.com,"70833 Brown Neck Suite 024, Newtonshire, AR 77386"
423,Adam Rodriguez,adamrodriguez@gmail.com,"9267 Nicole Pine Apt. 206, Johnsonmouth, AK 81611"
424,Lindsey Tyler,lindseytyler@gmail.com,"04924 Robert Mission, Charlestown, PR 59499"
425,Richard Braun,richardbraun@gmail.com,"721 Raymond Place, Port Alexaview, IL 64702"
426,Katherine Conrad,katherineconrad@gmail.com,"32112 Anderson Turnpike, Johnside, AL 62898"
427,Lisa Shelton,lisashelton@gmail.com,"Unit 0831 Box 5494, DPO AE 06742"
428,Alexis Bowman,alexisbowman@gmail.com,"3544 Reese Pike Suite 452, East Grantton, DC 86344"
429,Jessica Stewart,jessicastewart@gmail.com,"32594 Sutton Rest, New Williamburgh, MH 16446"
430,Alexis Mayer,alexismayer@gmail.com,"46478 Faulkner Heights, West Christopherbury, NH 51110"
431,Alexis Hill,alexishill@gmail.com,"9753 Lisa Knoll Apt. 477, Ashleytown, CO 47993"
432,Jamie Summers,jamiesummers@gmail.com,"929 Donna Haven, Port Kimberly, SC 73285"
433,Jon Liu,jonliu@gmail.com,"141 Brown Route Apt. 707, Johnchester, CT 78088"
434,Jennifer Ford,jenniferford@gmail.com,"242 James Manors, Dennisstad, NY 36775"
435,Oscar Perkins,oscarperkins@gmail.com,"864 Kenneth Court Suite 228, West James, MN 08352"
436,Cathy Graham,cathygraham@gmail.com,"7612 Jones Crossroad Suite 063, Davidburgh, VT 91618"
437,David Lozano,davidlozano@gmail.com,"37865 Anthony Village Apt. 427, Williamsstad, MT 23843"
438,Brian Mcbride,brianmcbride@gmail.com,"8166 Emma Junctions, West Paulshire, WY 54173"
439,Kristina Andersen,kristinaandersen@gmail.com,"50596 Renee Views Suite 798, Wernershire, MP 58023"
440,Andrea Ramos,andrearamos@gmail.com,"68887 Brooks Port Apt. 387, West Tiffanymouth, WY 40784"
441,Billy Aguilar,billyaguilar@gmail.com,"891 Freeman Lights, Changmouth, WA 15938"
442,Lisa Hayes,lisahayes@gmail.com,"Unit 2858 Box 7598, DPO AP 46911"
443,Amy Parker,amyparker@gmail.com,"3687 Harry Run Apt. 219, Kathrynside, MO 30774"
444,Joseph Nichols,josephnichols@gmail.com,"2475 Duffy Canyon, Lake Matthewmouth, TX 47110"
445,Jason Bishop,jasonbishop@gmail.com,"25772 Heather Islands, Angelaside, MT 78879"
446,Shirley Wall,shirleywall@gmail.com,"50645 Mathew Isle, Theodoreborough, ND 40701"
447,William Fletcher MD,williammd@gmail.com,"USS Johnson, FPO AE 08045"
448,Rachel Meyer,rachelmeyer@gmail.com,"26753 Erica Villages, Schwartzburgh, MD 42992"
449,Christian Norris,christiannorris@gmail.com,"Unit 3513 Box 5150, DPO AE 21889"
450,Sydney Morris,sydneymorris@gmail.com,"81239 Bishop Pines Suite 834, Lake Michellemouth, TN 59394"
451,Barbara Hayes,barbarahayes@gmail.com,"34079 Mcintyre Station, East Robert, AZ 79973"
452,Richard Parker,richardparker@gmail.com,"178 Janet Cape Apt. 438, Angelaton, OH 90236"
453,Robert Ball,robertball@gmail.com,"4890 Samuel Tunnel, Paulchester, KS 04864"
454,Daniel Wright,danielwright@gmail.com,"810 Johns Island Suite 365, Jessicatown, TX 79695"
455,Alicia Wright,aliciawright@gmail.com,"33866 Baker Terrace Apt. 811, Michaelmouth, FL 12259"
456,Victoria Johns,victoriajohns@gmail.com,"5249 Tiffany Mission, Lake Garrett, FL 58493"
457,Tristan Campbell,tristancampbell@gmail.com,"2571 Dunn Burg Suite 801, South Samanthafurt, PR 65532"
458,Scott Castillo,scottcastillo@gmail.com,"62644 Moore Turnpike Apt. 064, Donnaberg, OR 88169"
459,Jesse Morris,jessemorris@gmail.com,"13923 Kevin Mews Apt. 341, Hunterstad, AS 05021"
460,Anita Davis,anitadavis@gmail.com,"2191 Melissa Loaf, Riversport, ND 55673"
461,Wanda Johnson,wandajohnson@gmail.com,"PSC 7380, Box 5704, APO AP 93208"
462,Tanya Gray,tanyagray@gmail.com,"2801 Diana Falls Suite 391, South Andreastad, GA 62360"
463,Angela Johnson,angelajohnson@gmail.com,"2031 Francisco Rest, Mullinsfort, AK 22109"
464,Mr. Samuel Freeman,mr.freeman@gmail.com,"PSC 0113, Box 7349, APO AP 94785"
465,Emily Davidson PhD,emilyphd@gmail.com,"82686 Jeffrey Turnpike Apt. 121, Evansstad, CT 38510"
466,Danielle Hamilton,daniellehamilton@gmail.com,"5591 Tamara Bridge, Beckberg, UT 29695"
467,Miguel Patton,miguelpatton@gmail.com,"958 Gay Falls Apt. 642, New Mary, CO 01646"
468,Megan Huffman,meganhuffman@gmail.com,"2867 Pratt Court Suite 122, Alisonburgh, GU 56517"
469,Jessica Lewis,jessicalewis@gmail.com,"8282 Marquez Views, Morrisport, KS 39504"
470,Kyle Velasquez,kylevelasquez@gmail.com,"174 Marcia Drive, Lisatown, MH 46499"
471,Mary Good,marygood@gmail.com,"PSC 0119, Box 1734, APO AP 50328"
472,Christopher Fisher,christopherfisher@gmail.com,"095 Jonathan Keys Apt. 568, South Scottburgh, DC 86975"
473,Daniel Wilson,danielwilson@gmail.com,"USS Williams, FPO AE 67125"
474,Kurt Sanchez,kurtsanchez@gmail.com,"826 Daniel Brook, North Jasonhaven, FM 72145"
475,Jessica Villanueva,jessicavillanueva@gmail.com,"USCGC White, FPO AA 26639"
476,David Reyes,davidreyes@gmail.com,"10499 Heather Bypass Apt. 733, Port Darrenburgh, MD 75682"
477,Elizabeth Wilson,elizabethwilson@gmail.com,"07544 Wendy Island, North Frank, MH 81625"
478,Andrew Myers,andrewmyers@gmail.com,"PSC 7206, Box 6873, APO AE 21974"
479,Gregg Rhodes,greggrhodes@gmail.com,"7219 Cline Freeway Suite 294, West Danielborough, UT 35737"
480,Shelby Peck,shelbypeck@gmail.com,"141 Mason Views Apt. 425, East Bradyland, VT 19396"
481,Alex Jordan,alexjordan@gmail.com,"7675 Sydney Road Apt. 765, Port Melanie, SC 81993"
482,Zachary Santiago,zacharysantiago@gmail.com,"78271 Cassandra Summit Apt. 885, Stephensview, NV 12316"
483,Wesley Powell,wesleypowell@gmail.com,"2165 Walker Parks, Jennifermouth, AK 12109"
484,Jessica Woodard,jessicawoodard@gmail.com,"75825 Lynn Lights Apt. 789, Wheelerfort, IN 22532"
485,Shawn Evans,shawnevans@gmail.com,"82799 Johnson Knoll, Rubenfort, MN 20199"
486,Jason Burke,jasonburke@gmail.com,"9620 Gibbs Way Apt. 314, New Jessefort, VT 17674"
487,Jessica Gregory,jessicagregory@gmail.com,"7692 Watkins Mountains Suite 065, North Williammouth, UT 67973"
488,Antonio Smith Jr.,antoniojr.@gmail.com,"8091 Lee Pine Suite 824, Hollandtown, KY 05654"
489,Jeremiah King,jeremiahking@gmail.com,"88055 Pearson Highway Apt. 896, East Jamesburgh, CA 47642"
490,Anthony Wilson,anthonywilson@gmail.com,"9362 Debra Loaf, East Alanshire, DE 83197"
491,Robert Gonzalez,robertgonzalez@gmail.com,"19917 Adrian Courts Suite 493, Leblancside, AK 00607"
492,Walter Brown,walterbrown@gmail.com,"55483 Miller Crest Apt. 538, Hessview, NV 91725"
493,Jennifer Stein,jenniferstein@gmail.com,"3778 Gilmore Vista Apt. 971, West Louismouth, CT 37570"
494,Paul Payne,paulpayne@gmail.com,"700 Calderon Throughway Apt. 925, Jamiemouth, MI 59895"
495,Katherine Clark,katherineclark@gmail.com,"8582 Phyllis Landing Apt. 674, Lake Carriemouth, DC 87591"
496,Jennifer Martinez,jennifermartinez@gmail.com,"96447 Jennifer Mall Suite 654, East Rebecca, IN 60270"
497,Ariel Sullivan,arielsullivan@gmail.com,"76969 Hampton Extensions, South Michellefurt, CT 91563"
498,Kelly Lee,kellylee@gmail.com,"USCGC Davis, FPO AE 80471"
499,Patrick Herrera,patrickherrera@gmail.com,"105 Brown Freeway, Hamiltonburgh, OH 23417"
500,Melissa Davis,melissadavis@gmail.com,"81314 Cook Creek, Jamesburgh, MN 17700"
501,Matthew Fox,matthewfox@gmail.com,"30659 Jeffery Junction, Carmenview, KY 95203"
502,Angelica Ramirez,angelicaramirez@gmail.com,"48496 Rodriguez Lodge Suite 721, Lake Jeffrey, GU 23233"
503,Anthony Flores,anthonyflores@gmail.com,"69015 Mark Spurs Apt. 459, North Barbarashire, UT 85555"
504,Michael Pace,michaelpace@gmail.com,"49662 Cooper Loop Apt. 753, Boothmouth, MH 15707"
505,Amy Montoya,amymontoya@gmail.com,"937 Medina Hill, Garciaport, MI 89670"
506,Jared Hudson,jaredhudson@gmail.com,"9486 Sparks Drives, Port Joel, PA 50342"
507,Joshua Gonzales,joshuagonzales@gmail.com,"187 Lauren Pass Apt. 857, Port Samanthaview, IN 68638"
508,Nancy Rodriguez,nancyrodriguez@gmail.com,"16660 Stafford Passage Apt. 723, Allenville, CT 69210"
509,Alex Alexander,alexalexander@gmail.com,"3058 Pittman Track Apt. 399, South Jonathan, GA 80859"
510,Evan Kennedy,evankennedy@gmail.com,"83784 Rodgers Rue, West Carolyn, MD 23401"
511,Jamie Wagner,jamiewagner@gmail.com,"62356 Alexandra Inlet Apt. 561, Kellyside, NM 16244"
512,Oscar Lopez,oscarlopez@gmail.com,"70354 Stewart Knoll, Joannefurt, WV 14921"
513,Dawn Mills,dawnmills@gmail.com,"58043 Christopher Bridge, Clarkmouth, CA 91234"
514,Brooke Brown,brookebrown@gmail.com,"70615 Patricia Stream Suite 747, Wardshire, MA 51791"
515,Stacey Shepard,staceyshepard@gmail.com,"1769 Robert Ports, North Jacob, MH 45154"
516,Kenneth Herman,kennethherman@gmail.com,"0524 Andrade Track, North Matthewshire, MT 24754"
517,Richard Morales,richardmorales@gmail.com,"64966 Smith Burg, Port Patrickton, AR 37029"
518,Adrian Romero,adrianromero@gmail.com,"846 Katherine Key, Chenville, ND 21927"
519,Jeffrey Anderson,jeffreyanderson@gmail.com,"12048 Davis Creek, Brownfort, ID 85432"
520,Matthew Fleming,matthewfleming@gmail.com,"18524 Gates Grove Apt. 041, Lake Jennifer, FM 24447"
521,Austin Lee,austinlee@gmail.com,"5257 Hamilton Cliffs, South Patrickville, DC 88864"
522,Cassandra Manning,cassandramanning@gmail.com,"21776 Christy Run Apt. 703, Paulfort, MH 34622"
523,Lauren Morgan,laurenmorgan@gmail.com,"26470 Mckay Viaduct, Stephaniestad, IN 07797"
524,Dana Coleman,danacoleman@gmail.com,"590 Jessica Flat Apt. 104, Rebeccaton, KY 47624"
525,Stephanie Stanley,stephaniestanley@gmail.com,"611 John Ford, Emilyfurt, GA 72707"
526,Andre Sampson,andresampson@gmail.com,"42286 Lance Landing, Careymouth, VT 60197"
527,Sean Gordon,seangordon@gmail.com,"805 Michael Plains, Lake Dawn, ND 91548"
528,Rachel Williams,rachelwilliams@gmail.com,"2432 Bright Alley Apt. 288, Connorborough, MT 54595"
529,Michael Townsend,michaeltownsend@gmail.com,"USS Tucker, FPO AA 93393"
530,Mr. Joshua Carson,mr.carson@gmail.com,"891 Gentry Parkways, Mendozamouth, ND 17011"
531,Eric Thomas,ericthomas@gmail.com,"9160 Hale Crossroad Apt. 981, Carlyfort, VT 72307"
532,Donna Reese,donnareese@gmail.com,"346 Brooks Trace, East Susanland, AL 92023"
533,Ronald Salazar,ronaldsalazar@gmail.com,"999 Manuel Crescent Suite 163, West Erika, VT 73059"
534,Mrs. Michelle Johnson DDS,mrs.dds@gmail.com,"35969 Hall Lodge, Port Jamie, AL 60546"
535,Caleb Green,calebgreen@gmail.com,"04891 Guerrero Creek Apt. 116, East Amy, PW 65754"
536,Melinda Riddle,melindariddle@gmail.com,"USNV Alvarez, FPO AA 04035"
537,Ashley Gibson,ashleygibson@gmail.com,"2329 Matthew Walks Apt. 250, Riveraview, UT 30440"
538,Travis Reed,travisreed@gmail.com,"022 Angela Island, Lake Carrie, HI 80141"
539,Tamara Cooley,tamaracooley@gmail.com,"0647 Gomez River, New Lorettachester, NE 68579"
540,Erin Williams,erinwilliams@gmail.com,"398 Walker Crossroad Apt. 633, New Christian, NH 39844"
541,Sean Merritt,seanmerritt@gmail.com,"PSC 5647, Box 0866, APO AP 71270"
542,Darren Schneider,darrenschneider@gmail.com,"0050 Rivera Ramp Suite 521, Denisetown, PW 47356"
543,Sharon Jones,sharonjones@gmail.com,"20868 Bailey Flats, Lake Kathleenville, AL 36358"
544,David Dodson,daviddodson@gmail.com,"986 Smith Mountains, East Billyport, SC 68048"
545,Kathleen Wilson,kathleenwilson@gmail.com,"264 Johnny Fort, South Brandonville, AZ 30736"
546,Kimberly Cardenas,kimberlycardenas@gmail.com,"819 Peterson Viaduct, West Sara, ID 99945"
547,Jennifer Richardson,jenniferrichardson@gmail.com,"50507 Harris Plaza, North Ashley, MI 64330"
548,Katherine Lowery,katherinelowery@gmail.com,"9842 Davis Point Apt. 645, New Kayla, FM 40415"
549,Tara Brandt DDS,taradds@gmail.com,"566 John Forks Suite 783, Janiceport, WI 11009"
550,Mark Anderson,markanderson@gmail.com,"0842 Charles Tunnel, Rachelstad, NJ 45270"
551,Makayla Walker,makaylawalker@gmail.com,"7725 Flores Trail, Cindyfort, AK 71069"
552,Sharon Anderson,sharonanderson@gmail.com,"4290 Kelly Streets Suite 105, New Zachary, NE 21429"
553,Courtney Olson,courtneyolson@gmail.com,"55819 Roberts Cove Suite 498, Garciahaven, PR 77527"
554,Jacob Sullivan,jacobsullivan@gmail.com,"7449 Michael Corner Apt. 165, Wangstad, MP 56282"
555,Emily Costa,emilycosta@gmail.com,"39246 Gonzalez Island, North Davidborough, UT 62778"
556,Karen Shannon,karenshannon@gmail.com,"0497 Sarah Lock, Suzanneside, MI 66222"
557,Denise Hunter,denisehunter@gmail.com,"1031 Megan Ways Suite 246, New Juan, TN 98263"
558,Melissa Duran,melissaduran@gmail.com,"6506 Roberson Drives Suite 701, Port Alfred, ND 42166"
559,Joseph Perez,josephperez@gmail.com,"USNV Roy, FPO AP 33180"
560,Casey Bird,caseybird@gmail.com,"Unit 3217 Box 2579, DPO AP 71395"
561,David Mcdowell Jr.,davidjr.@gmail.com,"Unit 2408 Box 1394, DPO AA 49550"
562,Kyle Clark,kyleclark@gmail.com,"PSC 5370, Box 2988, APO AE 03829"
563,Vanessa Kidd,vanessakidd@gmail.com,"2161 Salazar Streets Apt. 022, Leeton, MP 69138"
564,Kimberly Patel,kimberlypatel@gmail.com,"32231 Kara Cliff Apt. 099, New Jeremystad, DE 25851"
565,Jerry Marshall,jerrymarshall@gmail.com,"3524 Sanders Mountains Suite 258, North Ashley, TX 58804"
566,Kimberly Lewis,kimberlylewis@gmail.com,"2379 Rebecca Oval Suite 954, Mooreport, FM 75864"
567,Katherine Ortiz,katherineortiz@gmail.com,"83132 Castillo Road, Stoneberg, MN 34891"
568,Kyle Rosario,kylerosario@gmail.com,"721 Campbell Hollow Suite 890, North Willieberg, WA 29544"
569,Rhonda Nash,rhondanash@gmail.com,"8770 Kidd Lodge Suite 992, Barbaraview, AK 05207"
570,Bianca Miller,biancamiller@gmail.com,"USS White, FPO AA 12430"
571,Joan Stewart,joanstewart@gmail.com,"372 Sean Place, New Mariahmouth, MS 43082"
572,Mrs. Brittany English,mrs.english@gmail.com,"55141 Lopez Isle Suite 919, West Adam, CO 21661"
573,Albert Franklin,albertfranklin@gmail.com,"99115 Timothy Isle Apt. 655, South Tony, ND 27353"
574,Jonathon Brown,jonathonbrown@gmail.com,"412 Timothy Rapids Suite 676, Adamsside, KS 95222"
575,Andrew Fischer,andrewfischer@gmail.com,"PSC 6961, Box 6164, APO AA 93672"
576,James Shaffer,jamesshaffer@gmail.com,"Unit 5697 Box 0897, DPO AA 59267"
577,Robert Lang,robertlang@gmail.com,"159 English Inlet Apt. 070, New Bradleyfurt, KS 27982"
578,Madison Mueller,madisonmueller@gmail.com,"48115 Martin Light, West Kristinville, DE 27944"
579,Patricia Gentry,patriciagentry@gmail.com,"USCGC Anderson, FPO AP 29966"
580,Michael Smith,michaelsmith@gmail.com,"9463 Laurie Land Apt. 947, Smithland, AS 02438"
581,Crystal Barnes,crystalbarnes@gmail.com,"USCGC Padilla, FPO AA 63420"
582,Tyrone Jones,tyronejones@gmail.com,"USNS Garcia, FPO AP 25808"
583,Alexander Jefferson,alexanderjefferson@gmail.com,"46499 Hendricks Locks, East Robin, ID 22953"
584,Maria Calderon,mariacalderon@gmail.com,"64508 Harrington Cove, Lake Alexis, ND 82000"
585,Phillip Shaffer,phillipshaffer@gmail.com,"USNV Rodriguez, FPO AE 13550"
586,Jessica Camacho,jessicacamacho@gmail.com,"02832 Murray Summit Apt. 006, Johnsonview, WY 82381"
587,Linda Kidd,lindakidd@gmail.com,"082 Christy Pine, South Laura, TN 71935"
588,Steven Curry,stevencurry@gmail.com,"41799 Turner Ville, Johnsonmouth, IN 77464"
589,Terry Graham,terrygraham@gmail.com,"224 Beverly Mills, Bryanhaven, MH 09461"
590,Heather Snyder,heathersnyder@gmail.com,"31117 Christian Burgs Apt. 674, Lake Courtney, DC 81020"
591,Matthew Rangel,matthewrangel@gmail.com,"18709 Black Radial, Juanton, NV 91140"
592,Steven Conley,stevenconley@gmail.com,"0060 Jason Hill Suite 308, Port Kellyside, WY 97182"
593,Jennifer Johnson,jenniferjohnson@gmail.com,"USNV Ramirez, FPO AA 32616"
594,Amanda Avila,amandaavila@gmail.com,"3297 Green Island, North Thomasborough, KY 21289"
595,Jonathan Barajas,jonathanbarajas@gmail.com,"580 Jones Valleys, Rosston, SD 27967"
596,Toni Payne,tonipayne@gmail.com,"78473 Julie Terrace, New Stephanie, RI 90269"
597,Kaitlyn Farmer,kaitlynfarmer@gmail.com,"19480 Hayley Square Apt. 605, Jeffreytown, MA 93767"
598,Alisha Wolf,alishawolf@gmail.com,"69344 Atkins Isle Apt. 555, Shepardmouth, SD 15934"
599,David Smith,davidsmith@gmail.com,"791 Lane Stravenue Suite 475, Jamesfort, PR 16043"
600,Samantha Perez,samanthaperez@gmail.com,"505 Huff Mill Apt. 612, West Anthonyberg, FL 55775"
601,Stephen Stafford,stephenstafford@gmail.com,"317 Jacqueline Camp, Skinnerfurt, MO 15058"
602,Lori Brown,loribrown@gmail.com,"0593 Wayne Well, South Michelle, CT 00733"
603,Scott Anderson,scottanderson@gmail.com,"6059 Yates Club, Gallagherland, CT 46010"
604,Michael Perry,michaelperry@gmail.com,"518 Sullivan Pike Suite 824, Amyton, MI 51642"
605,Megan Williams,meganwilliams@gmail.com,"49371 Shepherd Mountain, Jenniferstad, AL 29419"
606,Jeremy Smith,jeremysmith@gmail.com,"300 Barnes Forge Apt. 409, New Carlos, GA 03441"
607,Joan Anderson,joananderson@gmail.com,"0351 Koch Junction, Wellsburgh, LA 15849"
608,Brian Acosta,brianacosta@gmail.com,"44224 Caldwell Creek Suite 632, Ortizton, MS 51225"
609,Anthony Horne,anthonyhorne@gmail.com,"8714 Priscilla Drives Apt. 348, Davenportbury, DC 65829"
610,Nicolas Mccarty,nicolasmccarty@gmail.com,"499 Christian Ports, Lake Audreyberg, VI 67815"
611,Scott Griffin,scottgriffin@gmail.com,"840 Andersen Isle, Joshuachester, VA 84792"
612,Heather Zuniga,heatherzuniga@gmail.com,"USNS Thomas, FPO AA 17876"
613,Scott Weber,scottweber@gmail.com,"PSC 3122, Box 3952, APO AA 54111"
614,David Martin,davidmartin@gmail.com,"94760 Justin Isle, Adamshire, FL 14567"
615,Angel Burch,angelburch@gmail.com,"3981 Dudley Curve, Johnmouth, NY 90774"
616,Benjamin Ortiz,benjaminortiz@gmail.com,"USNS Hunter, FPO AE 40951"
617,Richard Jones,richardjones@gmail.com,"230 Smith Harbors, Joshuastad, MD 89234"
618,Mary Smith,marysmith@gmail.com,"443 Amy Manors, Lake Jessica, FL 70291"
619,John Simon,johnsimon@gmail.com,"685 Pratt Cape, East Cynthiaberg, MT 77643"
620,Kara Murphy,karamurphy@gmail.com,"3095 Jennifer Forge Suite 929, New Elizabeth, NV 67740"
621,Mitchell Cochran,mitchellcochran@gmail.com,"3327 Morris Rest Suite 419, South Jodistad, IL 16922"
622,Nicole Villegas,nicolevillegas@gmail.com,"929 Sonya Port, Mcbridebury, FL 93226"
623,Samantha Lutz,samanthalutz@gmail.com,"27851 John Way, Lake Lauratown, AK 42488"
624,Tanya Baker,tanyabaker@gmail.com,"80687 Walker Garden, Mcbrideville, SC 26723"
625,Janice Woodard,janicewoodard@gmail.com,"Unit 0993 Box 2944, DPO AE 90876"
626,Anthony Tran,anthonytran@gmail.com,"57038 Wiggins Dale, Stevensonhaven, CT 16074"
627,Jessica Harrison,jessicaharrison@gmail.com,"713 Morales Throughway Apt. 121, South Julian, UT 51412"
628,Timothy Davis,timothydavis@gmail.com,"1663 Morales Hollow, Morrisonburgh, FL 45113"
629,Alejandro Thompson,alejandrothompson@gmail.com,"647 Shelby Glens Apt. 999, New Christopherhaven, DC 87999"
630,Lawrence Cardenas,lawrencecardenas@gmail.com,"880 Martinez Gateway Apt. 771, West Anthonyside, OH 31572"
631,Melissa Rosales,melissarosales@gmail.com,"33536 Christopher Prairie, Lake Carlport, GU 68312"
632,Caleb Stafford,calebstafford@gmail.com,"93941 Willie Glen, West Carlos, IA 74549"
633,James Bird,jamesbird@gmail.com,"614 Paul Stream, Taylorside, NY 01486"
634,Phillip Evans,phillipevans@gmail.com,"59436 Richard Dam, Evansberg, MP 33524"
635,Donald Hernandez,donaldhernandez@gmail.com,"132 Ortega Mountains Apt. 711, Brendaville, WA 61131"
636,Lucas Cook,lucascook@gmail.com,"35921 Hannah Trail Suite 615, Port Gailberg, CA 41234"
637,Dr. Glen Herrera,dr.herrera@gmail.com,"6393 Jimmy Greens, Benderchester, VT 31448"
638,Rachel Hall,rachelhall@gmail.com,"1876 Tracy Spur, Sarahfurt, GA 16201"
639,Michael Kelley,michaelkelley@gmail.com,"3682 Wells Keys, Deckerstad, OH 59973"
640,Robert Brown,robertbrown@gmail.com,"68701 Parker Spring Suite 543, East Katie, PA 10661"
641,Vanessa Anderson,vanessaanderson@gmail.com,"785 Johnson Glen, East Meganbury, FL 01893"
642,Sarah Lee,sarahlee@gmail.com,"218 Calderon Estate Suite 397, Reginaview, CO 58712"
643,Ashley Bonilla,ashleybonilla@gmail.com,"16277 Smith Shoal, Davistown, VA 06023"
644,Adam York,adamyork@gmail.com,"492 Oscar Locks, Port Kennethfort, NM 64312"
645,Becky Fields,beckyfields@gmail.com,"2905 Ian Ferry Apt. 645, Port William, NV 15881"
646,Allison Vazquez,allisonvazquez@gmail.com,"81295 Tammy Gardens, Port Angel, ME 26560"
647,Melissa Taylor,melissataylor@gmail.com,"PSC 2167, Box 7504, APO AA 12820"
648,Kimberly Riley,kimberlyriley@gmail.com,"PSC 1342, Box 9030, APO AE 99509"
649,Jordan Clark,jordanclark@gmail.com,"479 Nicholas Rapids Suite 976, Stewartchester, WY 07165"
650,Catherine Castaneda,catherinecastaneda@gmail.com,"USNV Contreras, FPO AP 33498"
651,Leah Lawrence,leahlawrence@gmail.com,"6512 Marks Neck Suite 901, West Juliestad, PR 06259"
652,Raymond Rosario,raymondrosario@gmail.com,"033 Skinner Manor Suite 790, Rickyton, DC 64442"
653,Colin Lang,colinlang@gmail.com,"852 Monique Place, New Curtisstad, ME 95002"
654,Amber Sanchez,ambersanchez@gmail.com,"224 Turner Camp, Hansonville, DC 22191"
655,Michael Cantu,michaelcantu@gmail.com,"382 Lopez Branch, South Tabitha, PA 81286"
656,Robert Lee,robertlee@gmail.com,"38930 Michael Trail, Watsonshire, VA 23068"
657,Robin Diaz,robindiaz@gmail.com,"270 Simon Inlet, East Dianabury, GU 90068"
658,Gary Martin,garymartin@gmail.com,"80386 Lawson Cape Suite 524, Christopherbury, CO 01064"
659,Jorge Martinez,jorgemartinez@gmail.com,"84233 Debbie Crossroad Apt. 118, West Micheal, OH 82035"
660,James Davis,jamesdavis@gmail.com,"65497 Barrett Square, Stevenberg, MT 01445"
661,Bradley Pace,bradleypace@gmail.com,"Unit 8676 Box 4908, DPO AE 38085"
662,Ana Sherman,anasherman@gmail.com,"83828 Paul Radial, Heatherburgh, PW 68338"
663,Alexander Holmes,alexanderholmes@gmail.com,"1071 Bradley Mount Apt. 582, East Ethan, NE 63546"
664,Steven Richardson,stevenrichardson@gmail.com,"PSC 6143, Box 0667, APO AP 31726"
665,Mr. Carl Lopez MD,mr.md@gmail.com,"USNS Fry, FPO AE 09689"
666,James Johnson,jamesjohnson@gmail.com,"531 Haley Manors Suite 349, Brownberg, NV 55787"
667,Christopher Figueroa,christopherfigueroa@gmail.com,"333 Thompson Meadow Apt. 239, Lake Jasonfort, OR 17027"
668,Paula Ferguson,paulaferguson@gmail.com,"8678 Jones Pass, Thomastown, SC 65123"
669,Laura Stewart,laurastewart@gmail.com,"2945 Nelson Manor Apt. 170, Sandersfurt, ME 56942"
670,Robert Ross,robertross@gmail.com,"47752 Lori Ville, Toddborough, ME 25200"
671,Jennifer Stevenson,jenniferstevenson@gmail.com,"USNV Anderson, FPO AP 55087"
672,Jesse Obrien,jesseobrien@gmail.com,"1240 Samantha Flat Apt. 405, Watkinsfort, AS 06920"
673,James Brown,jamesbrown@gmail.com,"2813 Hughes Freeway Suite 963, Matthewton, IA 64204"
674,Elizabeth Santos,elizabethsantos@gmail.com,"0729 Olivia Ramp Suite 479, North Michael, NV 90218"
675,Michael Williams,michaelwilliams@gmail.com,"017 Hoffman Springs, Aaronport, DE 49113"
676,Cathy Cisneros,cathycisneros@gmail.com,"1009 Mccormick Point, Frederickhaven, OH 67758"
677,Valerie Roberts,valerieroberts@gmail.com,"0978 Nixon Ranch Suite 546, Port Kennethview, CT 67552"
678,Carol Johnson,caroljohnson@gmail.com,"PSC 0645, Box 3334, APO AE 49585"
679,Robert Russell,robertrussell@gmail.com,"795 Key Circles Suite 752, Morganhaven, UT 13206"
680,Kelly Thomas,kellythomas@gmail.com,"1144 William Heights Suite 474, Dixonland, MP 69818"
681,Brandon Martin MD,brandonmd@gmail.com,"1880 Larson Gardens, Peckchester, MT 31626"
682,James Garner,jamesgarner@gmail.com,"432 Mendez River Apt. 259, Patrickchester, AK 00521"
683,Cindy Case,cindycase@gmail.com,"1699 Amber Villages Suite 929, Joshuamouth, WI 22593"
684,Michael Williams,michaelwilliams@gmail.com,"251 Yates Cliff, Bobbystad, NH 17360"
685,Vincent Chapman,vincentchapman@gmail.com,"717 Smith Canyon Apt. 652, Sheilaview, MD 35313"
686,Derek Kaiser,derekkaiser@gmail.com,"347 Cooper Inlet Suite 292, North Keithport, KS 86887"
687,Timothy Oneal,timothyoneal@gmail.com,"7816 Avila Glens Apt. 590, Changborough, WI 23758"
688,Rachel Ross,rachelross@gmail.com,"2830 Madden Turnpike Suite 195, Prattville, MT 46747"
689,Brianna Fuller MD,briannamd@gmail.com,"290 Jesse Plains Apt. 520, New Jessicaberg, SD 62404"
690,Amanda Lewis,amandalewis@gmail.com,"0473 Blake Estate Suite 284, Nunezside, RI 09219"
691,Edward Stephens,edwardstephens@gmail.com,"855 Wade Grove Apt. 182, Lake Jonathan, SD 58342"
692,Susan Gregory,susangregory@gmail.com,"USNS Collins, FPO AA 16278"
693,Alicia Snyder,aliciasnyder@gmail.com,"PSC 4341, Box 9120, APO AP 56023"
694,Andrew Morrow,andrewmorrow@gmail.com,"7398 Sharon Place Suite 582, Port Keith, MA 46173"
695,Mrs. Ashley French,mrs.french@gmail.com,"431 Joseph Highway, Reedland, GU 31271"
696,Benjamin Duncan,benjaminduncan@gmail.com,"0823 Moore Road Suite 823, North Williamhaven, NE 10121"
697,Michael Larson,michaellarson@gmail.com,"50835 Samantha Course, New Melissahaven, VA 99372"
698,Heather Thompson,heatherthompson@gmail.com,"8063 Leonard Plains Suite 766, Williamsburgh, FL 24640"
699,Jill Harris,jillharris@gmail.com,"9755 Martin Alley Suite 324, Thomasburgh, UT 70660"
700,Diana Collins,dianacollins@gmail.com,"46097 Smith Locks, Huffmanland, ME 93616"
701,Chad Lopez,chadlopez@gmail.com,"57305 Suzanne Port Apt. 976, Scottbury, GA 28116"
702,Alexa Patton,alexapatton@gmail.com,"15476 Davis Burgs Suite 272, Reginaldton, ME 87802"
703,Michael Osborn,michaelosborn@gmail.com,"9086 James Wall Suite 371, Lake Terryville, NM 66231"
704,Alison Wright,alisonwright@gmail.com,"4808 Diana Corners Suite 657, Latoyaview, WY 62701"
705,Mary Mclean,marymclean@gmail.com,"Unit 9300 Box 8102, DPO AP 91340"
706,Robert Armstrong,robertarmstrong@gmail.com,"67570 Kenneth Square Apt. 352, East Tina, RI 51780"
707,Stephanie Wallace,stephaniewallace@gmail.com,"128 Whitehead Well Suite 977, West Daniel, DC 97898"
708,Anthony Ali,anthonyali@gmail.com,"9660 Henderson Estate, Robertfort, MI 41328"
709,Sherry Howard,sherryhoward@gmail.com,"034 Carter Island, Terryfurt, MN 42053"
710,Stephen Oconnor,stephenoconnor@gmail.com,"698 Trevor Parkway Suite 327, North Jorge, VT 18739"
711,Natalie Parsons,natalieparsons@gmail.com,"913 Gilbert Ville, Port Ebony, VA 36816"
712,William Anderson,williamanderson@gmail.com,"874 Garcia Pike Apt. 488, Josephport, NY 84834"
713,Michelle Brown,michellebrown@gmail.com,"2008 Justin Mews, Jessicastad, AZ 10237"
714,Ronald Mendoza,ronaldmendoza@gmail.com,"9883 Eric Station Apt. 749, Hughesland, OK 81006"
715,Kristen Gould,kristengould@gmail.com,"36562 Michelle Throughway, Victoriafurt, MH 02395"
716,Ms. Miranda Thomas,ms.thomas@gmail.com,"24405 Rodriguez Locks Apt. 496, Tylerchester, NY 47970"
717,John Mendoza,johnmendoza@gmail.com,"5888 Dorsey Key Apt. 295, Port Jessicamouth, ID 55683"
718,Charles Walters,charleswalters@gmail.com,"4936 Peter Vista Apt. 556, Michaelstad, KY 85214"
719,Todd Ray,toddray@gmail.com,"2194 Steven Walk, South Jennifer, GU 64373"
720,Carrie Shaffer,carrieshaffer@gmail.com,"1456 Jacob Rest Apt. 094, Pennyhaven, OH 27266"
721,Mary Patel,marypatel@gmail.com,"12372 Perez Lane Apt. 244, New Stephen, NY 56940"
722,Henry Martin,henrymartin@gmail.com,"6838 Eric Pine Apt. 755, Karifurt, OH 70301"
723,Samantha Brooks,samanthabrooks@gmail.com,"41475 David Circle Apt. 004, South Shawn, HI 44978"
724,Sierra Dickerson MD,sierramd@gmail.com,"PSC 9416, Box 4353, APO AE 64325"
725,Eric Stewart,ericstewart@gmail.com,"245 Mccoy Ferry, Cartermouth, PA 29139"
726,Alexander Woodard,alexanderwoodard@gmail.com,"91774 Chris Shores, Navarroside, AS 45183"
727,Rhonda Erickson,rhondaerickson@gmail.com,"3942 Hickman Lock Suite 887, Jonathanbury, SC 24390"
728,Stephen White,stephenwhite@gmail.com,"153 Lindsay Mill, Lisamouth, CT 03381"
729,Joshua Lopez,joshualopez@gmail.com,"82595 Williams Drive, East Rebecca, LA 34705"
730,Morgan Haynes,morganhaynes@gmail.com,"19468 Hardin Avenue, Lake Amyview, CO 98079"
731,Crystal Ward,crystalward@gmail.com,"1996 Kelli Lock, Erikashire, IN 12783"
732,Sean Diaz,seandiaz@gmail.com,"2989 Jerry Land, North Cherylmouth, PW 25063"
733,Daniel Ward,danielward@gmail.com,"1405 Lane Point Suite 787, Nicholasberg, PA 67444"
734,Andrew Hensley,andrewhensley@gmail.com,"49227 Torres Light, Horneshire, GA 53932"
735,Jeffrey Mclaughlin,jeffreymclaughlin@gmail.com,"PSC 9869, Box 2241, APO AA 17370"
736,Cynthia Hampton,cynthiahampton@gmail.com,"5686 Jennifer Freeway Apt. 978, Thompsonshire, AL 41866"
737,Olivia Long,olivialong@gmail.com,"2766 Kristin Wall Suite 371, South Tonyabury, FM 35339"
738,James Powers,jamespowers@gmail.com,"513 Angela Fork Apt. 002, Michaelton, MS 87487"
739,Matthew Brooks,matthewbrooks@gmail.com,"5991 Michelle Skyway Apt. 268, Port Kevinport, VT 07094"
740,Vanessa Freeman,vanessafreeman@gmail.com,"PSC 0641, Box 3222, APO AE 98031"
741,Michael Barrett,michaelbarrett@gmail.com,"385 Cassandra Camp Apt. 051, Grantburgh, AL 96424"
742,Robin Lopez,robinlopez@gmail.com,"0642 Cobb Route, Reynoldsbury, OR 77811"
743,Sandra Wells,sandrawells@gmail.com,"85871 Garcia Ridge Apt. 089, Smithbury, KS 34537"
744,Stephen Rose,stephenrose@gmail.com,"240 Osborne Expressway, Jessicabury, NE 87035"
745,Lori Andrews,loriandrews@gmail.com,"916 Thomas Turnpike, Crawfordville, AR 41108"
746,Eric Bond,ericbond@gmail.com,"22649 Karen Crescent Suite 096, Feliciafurt, TX 13562"
747,Ashley Roberts,ashleyroberts@gmail.com,"974 Aaron Springs Apt. 336, New Kevinland, NC 92175"
748,Stephanie Boyd,stephanieboyd@gmail.com,"Unit 9382 Box 1568, DPO AE 25480"
749,Nathan Brown,nathanbrown@gmail.com,"Unit 5624 Box 0285, DPO AP 28596"
750,Maria Weber,mariaweber@gmail.com,"4652 Stephanie Skyway, Maryborough, WA 67369"
751,Jason Schmidt,jasonschmidt@gmail.com,"2198 Roy Mall, Donnaview, IN 43593"
752,Jason Cooley,jasoncooley@gmail.com,"33555 Barr River Apt. 181, Coxchester, NE 03527"
753,Elizabeth Alexander,elizabethalexander@gmail.com,"30196 Jennifer Rapid Apt. 968, Bakerhaven, PA 06525"
754,Alan Stevens,alanstevens@gmail.com,"PSC 6600, Box 2843, APO AE 43374"
755,Joseph Stone,josephstone@gmail.com,"7726 Crawford Parkway, Port Kelly, AK 94913"
756,Jonathan Garcia,jonathangarcia@gmail.com,"35703 Devin Grove, Palmerberg, ND 59127"
757,Mary Johnson,maryjohnson@gmail.com,"765 Jacqueline Causeway, Donnaview, KY 13142"
758,Melanie Torres,melanietorres@gmail.com,"36127 Johnson Place Suite 352, Greeneland, GA 06043"
759,Marie Martinez,mariemartinez@gmail.com,"10804 Latoya Junction, New Shariborough, ID 67732"
760,Richard Randolph,richardrandolph@gmail.com,"0257 Kristen Road Suite 568, North Melinda, VI 18334"
761,Tammie Lambert,tammielambert@gmail.com,"9922 Courtney Divide, Brownfurt, OH 69336"
762,Leroy Becker,leroybecker@gmail.com,"16790 Stacey Glens, Garrettborough, VT 47727"
763,Marilyn Powell,marilynpowell@gmail.com,"6940 Frederick Pike, Christinafort, ID 55189"
764,Scott Walker,scottwalker@gmail.com,"291 Alexander Rapid, Port Jordanfurt, LA 44371"
765,Dr. Michael Nelson,dr.nelson@gmail.com,"5900 Hernandez Street, Josephside, GU 68874"
766,Mr. Antonio Love Jr.,mr.jr.@gmail.com,"116 Denise Drive Apt. 893, Lake Michaelfort, FL 46559"
767,Andrea Mejia,andreamejia@gmail.com,"5367 Chad Terrace, Nelsonville, MT 95109"
768,Jacob Smith,jacobsmith@gmail.com,"66125 Jones Ridge, Henryfort, SD 81666"
769,Heather Taylor,heathertaylor@gmail.com,"051 David Villages, New Ellenmouth, AS 33247"
770,Jessica Collins,jessicacollins@gmail.com,"986 James Avenue, New Shanetown, IN 68283"
771,Elizabeth Hughes,elizabethhughes@gmail.com,"598 Brenda Ranch Apt. 022, Jamesmouth, PW 40374"
772,Suzanne Buck,suzannebuck@gmail.com,"Unit 9363 Box 4908, DPO AE 74729"
773,Zachary Henderson,zacharyhenderson@gmail.com,"USS Butler, FPO AP 76155"
774,Kimberly Mora,kimberlymora@gmail.com,"263 Bowers Meadow Apt. 513, Barnesville, PA 00702"
775,David Palmer,davidpalmer@gmail.com,"PSC 5738, Box 6890, APO AE 72848"
776,Jesus Larsen,jesuslarsen@gmail.com,"421 Marcus Heights Apt. 663, Cynthialand, MH 65338"
777,Brandi Soto,brandisoto@gmail.com,"80876 Lawrence Lane, Lopezhaven, WY 79077"
778,Justin Perez,justinperez@gmail.com,"637 Jacqueline Centers, Dennisberg, AZ 08664"
779,Steven White,stevenwhite@gmail.com,"266 Quinn Walks, Jennifertown, CT 17614"
780,Timothy Lee,timothylee@gmail.com,"95153 Davis Ridge, North Jasonton, DE 26956"
781,Adam Vincent,adamvincent@gmail.com,"647 Phillips Trail Apt. 057, Josephfurt, NJ 32846"
782,John Roy,johnroy@gmail.com,"PSC 2830, Box 1208, APO AA 23004"
783,Jennifer Ortiz,jenniferortiz@gmail.com,"52544 Robinson Light, Christensenburgh, WI 29393"
784,Jill Ochoa,jillochoa@gmail.com,"0446 Scott Walk, Markville, IA 16776"
785,Stacey Hartman,staceyhartman@gmail.com,"6352 Kim Gardens Apt. 054, Port Alejandroborough, IL 25937"
786,Briana Garner,brianagarner@gmail.com,"859 Parker Springs Suite 568, North Karenfurt, HI 36437"
787,Angel Hoffman,angelhoffman@gmail.com,"66864 David Pass Suite 266, Joshuaport, IL 99672"
788,Joshua Thomas,joshuathomas@gmail.com,"7730 Richard Terrace, Lake Ana, OR 57776"
789,Anthony Smith,anthonysmith@gmail.com,"9714 Brown Club Apt. 660, South Triciafort, VA 92752"
790,Alexandria Lawrence,alexandrialawrence@gmail.com,"09466 Kemp Port, Michelletown, SC 84766"
791,John Weeks,johnweeks@gmail.com,"269 Wright Manor, Garciaville, RI 65360"
792,Jared Clark,jaredclark@gmail.com,"31931 Bryan Pike Suite 517, New Joseside, MD 66616"
793,Vickie Hamilton,vickiehamilton@gmail.com,"7775 Angela Cliffs Apt. 615, North Alexandriachester, CT 69141"
794,Adrian Craig,adriancraig@gmail.com,"Unit 9382 Box 2003, DPO AE 93260"
795,William Johnson,williamjohnson@gmail.com,"775 Webb Skyway Apt. 345, Jamesmouth, CA 65023"
796,James Hart,jameshart@gmail.com,"19764 Martha Brooks Apt. 501, Melissaside, TN 35918"
797,Felicia Gross,feliciagross@gmail.com,"90002 Jackson Center, Richardsview, NE 01769"
798,Kyle Poole,kylepoole@gmail.com,"147 Park Key Suite 226, Piercefurt, TX 85148"
799,Chad Elliott,chadelliott@gmail.com,"6465 Lisa Walk, Port Cindyborough, MT 39722"
800,Jacqueline Garcia,jacquelinegarcia@gmail.com,"429 Jeffery Center, Taylorton, MI 27353"
801,Pamela Allen,pamelaallen@gmail.com,"277 Escobar Parkway, North Kelly, OH 05891"
802,Tracey Campbell,traceycampbell@gmail.com,"40383 Turner Ramp Suite 807, North Kimberlymouth, ME 89321"
803,Kelly Tucker,kellytucker@gmail.com,"939 John Island, East Douglas, MH 80453"
804,Robert Evans,robertevans@gmail.com,"6301 Brandon Stream, Martinezshire, FL 51204"
805,Jon Logan,jonlogan@gmail.com,"430 Cruz Cove Apt. 449, Toddside, PA 39060"
806,Judy Jones,judyjones@gmail.com,"13851 Regina Center, New Brycefort, WY 01287"
807,Shawn Davis,shawndavis@gmail.com,"559 Richard Way, Port Michaelburgh, RI 14441"
808,Danny Meyer,dannymeyer@gmail.com,"3582 Crystal Bypass, Kingside, LA 47063"
809,Heather Davila,heatherdavila@gmail.com,"68155 Schwartz Bypass Suite 778, West Keith, MH 18101"
810,Angie Ochoa,angieochoa@gmail.com,"687 Black Springs Apt. 317, Lake Yolandamouth, WA 83404"
811,Mr. Thomas Petty,mr.petty@gmail.com,"0448 Braun Canyon, Meganchester, MS 59873"
812,Sandra Moore,sandramoore@gmail.com,"45917 Gabrielle Creek, East Tonya, PW 23094"
813,Laura Mccormick,lauramccormick@gmail.com,"USNV Hunter, FPO AA 55554"
814,Lauren Patel,laurenpatel@gmail.com,"3212 Davis Mount Apt. 322, Garciafurt, GA 47769"
815,David Aguilar,davidaguilar@gmail.com,"4570 Debbie Divide, Douglasview, GA 59055"
816,Alyssa Rhodes,alyssarhodes@gmail.com,"0070 Klein Islands Suite 815, Jasonberg, VT 58797"
817,Eric Morris,ericmorris@gmail.com,"0534 Walker Extension Apt. 827, New Tonyahaven, NC 79816"
818,Dennis Evans,dennisevans@gmail.com,"0478 Leach Road Suite 995, Robinsonmouth, AK 45266"
819,Jon Diaz,jondiaz@gmail.com,"36171 Karen Creek Apt. 788, Lake Shellyberg, KS 14052"
820,Mrs. Sharon Young DDS,mrs.dds@gmail.com,"30301 Davis Mews Apt. 528, East Leahport, UT 45586"
821,Noah Griffin,noahgriffin@gmail.com,"1767 Jennifer Squares Apt. 619, Anthonyville, VI 26893"
822,Thomas Gray,thomasgray@gmail.com,"838 Johnson Village Apt. 974, New Sarah, MP 99748"
823,Patrick Brown,patrickbrown@gmail.com,"330 Walter Stream, South Paul, LA 35665"
824,Tiffany Craig,tiffanycraig@gmail.com,"950 Sean Junction, Reynoldsville, VA 60681"
825,Heather Rodriguez,heatherrodriguez@gmail.com,"USS Mckee, FPO AA 41161"
826,Joseph Jones,josephjones@gmail.com,"PSC 5604, Box 3650, APO AA 07798"
827,Carrie Boyd,carrieboyd@gmail.com,"008 Joseph Square, Morsefurt, AK 24244"
828,Sherri Morris,sherrimorris@gmail.com,"520 Thomas Oval, Brennanberg, KS 38028"
829,Emily Swanson,emilyswanson@gmail.com,"Unit 1697 Box 6781, DPO AE 80101"
830,Jeffrey Gilbert,jeffreygilbert@gmail.com,"4431 Wendy Mountains Apt. 678, New Larrymouth, AR 58417"
831,Donna Brown,donnabrown@gmail.com,"PSC 8506, Box 2969, APO AE 96934"
832,Robert Hensley,roberthensley@gmail.com,"85019 Parker Port Suite 132, Hannahville, PA 71087"
833,Susan Williams,susanwilliams@gmail.com,"5768 Alexander Key Apt. 581, Jessicaville, VI 49213"
834,Lucas Ramsey,lucasramsey@gmail.com,"54149 George Garden Suite 217, Martinezfurt, HI 61294"
835,Marilyn Benjamin,marilynbenjamin@gmail.com,"4070 Jason Circle, Thomasside, SC 03252"
836,Beverly Roberts,beverlyroberts@gmail.com,"025 Adams Run Apt. 833, New Scott, NV 78265"
837,Claudia Parker,claudiaparker@gmail.com,"605 Justin Union Suite 044, Tinaberg, VA 27797"
838,Jill Spencer,jillspencer@gmail.com,"4390 Bauer Trail Suite 947, Tracyfort, NJ 88031"
839,Ethan Moody,ethanmoody@gmail.com,"748 Robyn Walks Apt. 633, Reedborough, IA 85367"
840,Matthew Davis,matthewdavis@gmail.com,"6683 Torres Roads Apt. 191, North Kevin, MH 44161"
841,Michael Nichols,michaelnichols@gmail.com,"97052 Walker Camp, South Jeffreyville, MA 16409"
842,Carlos Meza,carlosmeza@gmail.com,"4997 King Manor, Edwardstown, NH 51746"
843,Jennifer Davis,jenniferdavis@gmail.com,"65092 Vega Prairie, Port Elizabethfurt, AS 13370"
844,Jenna Leach,jennaleach@gmail.com,"78338 Hartman Harbors Apt. 727, Anthonyville, WY 84104"
845,Brooke Todd,brooketodd@gmail.com,"3022 Park Springs, West Cynthiaburgh, AZ 40484"
846,Margaret Flores,margaretflores@gmail.com,"USS Newton, FPO AA 60054"
847,Jennifer Brown,jenniferbrown@gmail.com,"PSC 7132, Box 0598, APO AP 52473"
848,Glen Schneider,glenschneider@gmail.com,"25237 Castillo Radial Apt. 277, Jeffreyville, GA 63502"
849,Jackson Campbell,jacksoncampbell@gmail.com,"PSC 5030, Box 4992, APO AA 48261"
850,Sarah Spencer,sarahspencer@gmail.com,"80621 Gardner Throughway, Lisaborough, HI 96199"
851,Laura George,laurageorge@gmail.com,"1971 Penny Way, West Jamesberg, TX 68038"
852,Robert Wallace,robertwallace@gmail.com,"99012 Torres Skyway Suite 346, Rogersmouth, GU 42128"
853,Crystal Rodriguez,crystalrodriguez@gmail.com,"135 Bradley Camp Suite 643, Huntermouth, PA 39585"
854,Gabriel Scott,gabrielscott@gmail.com,"484 Nguyen Fork, Alanside, VT 60712"
855,Mario Hardy,mariohardy@gmail.com,"165 Edward Expressway Apt. 410, West Laurie, FM 57375"
856,Jonathan Cherry,jonathancherry@gmail.com,"62648 Robert Haven Apt. 424, North Daniel, MN 68898"
857,Lynn Hampton DVM,lynndvm@gmail.com,"0026 Hill Crest Apt. 195, New Lukehaven, OK 90712"
858,Deborah Shannon,deborahshannon@gmail.com,"Unit 6389 Box 1965, DPO AP 17061"
859,Edwin Miller,edwinmiller@gmail.com,"01587 Robert View, Whitemouth, KS 06994"
860,Frank Smith,franksmith@gmail.com,"07926 Chang Viaduct, Katelynland, CO 81082"
861,Ryan Newton,ryannewton@gmail.com,"4164 Debbie Spring Apt. 185, East Brianna, ID 81950"
862,Ashley Huynh,ashleyhuynh@gmail.com,"287 Crane Park Apt. 256, Bensonchester, PW 77977"
863,Joseph Johnson,josephjohnson@gmail.com,"6440 Wood Coves, South Heatherborough, WV 16709"
864,Joseph Webb,josephwebb@gmail.com,"1768 Cook Estates Apt. 075, New Justinton, PA 27798"
865,Crystal Schroeder,crystalschroeder@gmail.com,"870 Rodriguez Squares Suite 153, Newmanside, KS 85033"
866,Matthew Grimes,matthewgrimes@gmail.com,"06129 Nelson Field, Lake John, NE 75699"
867,Stephanie Stevens,stephaniestevens@gmail.com,"3200 Stephanie Brook Apt. 611, Teresamouth, SD 09836"
868,Collin Gibbs,collingibbs@gmail.com,"2652 Davis View Apt. 667, East Sara, DE 40476"
869,Elizabeth Peterson,elizabethpeterson@gmail.com,"2824 Watson Lodge, Jayton, NY 39299"
870,Jason Moss,jasonmoss@gmail.com,"Unit 4282 Box 5196, DPO AA 83487"
871,Michelle Black,michelleblack@gmail.com,"82688 Weaver Square, Hobbsport, RI 19781"
872,Brandon Jones,brandonjones@gmail.com,"6045 Krista Overpass, South Teresa, WA 38451"
873,Samantha Ramsey,samantharamsey@gmail.com,"7556 Lyons Rest, Lake Michelle, OK 68084"
874,Erica Mendoza,ericamendoza@gmail.com,"8167 Sanchez Turnpike Apt. 134, Jamesborough, OR 10138"
875,Ray Reid,rayreid@gmail.com,"412 Hughes Rest, North Christopher, FM 06730"
876,Paul Taylor,paultaylor@gmail.com,"06020 Brian Summit Apt. 597, Leahview, MO 71439"
877,Eric Kane,erickane@gmail.com,"2261 Costa Curve, Michaelville, CA 43958"
878,Kenneth Hoffman,kennethhoffman@gmail.com,"63134 Philip Road, West Kathyborough, MI 69391"
879,Tracy Crane,tracycrane@gmail.com,"USCGC Murray, FPO AP 61624"
880,Austin Riggs,austinriggs@gmail.com,"25553 Diane Parks Suite 826, West Whitney, NC 14582"
881,Dr. Anita Simpson PhD,dr.phd@gmail.com,"46710 Connie Loop, Port Bobby, KY 88676"
882,Kenneth Greer,kennethgreer@gmail.com,"991 Tammie Trail, New Andrew, AZ 65090"
883,Jennifer White,jenniferwhite@gmail.com,"788 Gary Club, East Jamesborough, CO 67614"
884,Stanley Farrell,stanleyfarrell@gmail.com,"6952 Henson Pines, South Lindsaymouth, IN 59258"
885,Michael Smith,michaelsmith@gmail.com,"603 Linda Flats, North Cindy, AZ 52894"
886,James Campos,jamescampos@gmail.com,"525 Wong Spring Suite 578, Jacksonland, MP 75174"
887,Katie Smith,katiesmith@gmail.com,"4404 Lee Parks, East Renee, HI 14248"
888,Russell Harris,russellharris@gmail.com,"01149 Alexis Unions Suite 797, Jonesburgh, MN 97131"
889,Rebecca Moore,rebeccamoore@gmail.com,"9855 Deanna Islands Apt. 712, East Christineview, CA 07658"
890,Nathan Smith,nathansmith@gmail.com,"99405 Weaver Centers Suite 929, Brownfort, PW 85804"
891,Emily Freeman,emilyfreeman@gmail.com,"3922 Woods Junction, Chavezfurt, OK 51471"
892,Timothy Ford,timothyford@gmail.com,"088 Hess Manor Suite 022, Port Sharonburgh, RI 93949"
893,Zachary Rodriguez DDS,zacharydds@gmail.com,"66423 Barbara Lock, West Scott, HI 42692"
894,Mr. Dustin Hall MD,mr.md@gmail.com,"USCGC Jimenez, FPO AP 28230"
895,Justin Rodriguez,justinrodriguez@gmail.com,"4714 Parker Parkway, New Michaelton, ND 89687"
896,Erin Gray,eringray@gmail.com,"97518 George Harbors, Sanchezville, PW 64479"
897,Julie Bennett,juliebennett@gmail.com,"6399 Shane Stream, New Kennethbury, AS 46821"
898,Christina Garcia MD,christinamd@gmail.com,"PSC 4565, Box 6164, APO AP 83147"
899,Kelly Whitehead,kellywhitehead@gmail.com,"68254 Richard Club, East Daniel, KS 77353"
900,Kelly Moore,kellymoore@gmail.com,"550 Smith Islands, Lake Timothyport, TN 21183"
901,Joshua Williams,joshuawilliams@gmail.com,"832 Wagner Mews Suite 072, New David, GA 86196"
902,Jessica Brown,jessicabrown@gmail.com,"1698 Salas Rapids, South Lindabury, DC 16686"
903,Tony Adams,tonyadams@gmail.com,"2539 Turner Fork, New Russell, MA 37224"
904,James Lane,jameslane@gmail.com,"8510 Amber Station, Debrabury, LA 38232"
905,Eric Thomas,ericthomas@gmail.com,"74881 Heather Courts Apt. 972, Thomasside, RI 68386"
906,Susan Luna,susanluna@gmail.com,"46737 Kathy Squares, Lake Timothyland, ID 97060"
907,Bradley Shaw,bradleyshaw@gmail.com,"6843 Davis Estates Apt. 510, North Chelsea, IN 51253"
908,Rebecca Spence,rebeccaspence@gmail.com,"232 Yvonne Parkways Apt. 469, Callahanburgh, NM 57039"
909,Pamela Edwards,pamelaedwards@gmail.com,"836 Lisa Stream Apt. 128, North Michaelview, IN 87348"
910,Sydney James,sydneyjames@gmail.com,"309 Lee Spurs, Laurieview, MI 62474"
911,Allen Schmidt,allenschmidt@gmail.com,"56909 Gregory Mission, Wuport, MN 46906"
912,Mrs. Christine Skinner,mrs.skinner@gmail.com,"USNS Clark, FPO AE 93657"
913,Victoria Richardson,victoriarichardson@gmail.com,"7990 Gardner Fall Apt. 833, Jamesmouth, AL 75986"
914,Tracey Ibarra,traceyibarra@gmail.com,"371 Brittany Greens Apt. 278, Delgadoborough, AL 00554"
915,Mr. Marc Castro DVM,mr.dvm@gmail.com,"4585 Gloria Brook, Sloanberg, PW 48503"
916,Adam Mack,adammack@gmail.com,"1614 Jones Prairie Apt. 922, East Randy, MT 58992"
917,Stephen Pearson,stephenpearson@gmail.com,"Unit 8491 Box 5649, DPO AE 43891"
918,Christy Torres,christytorres@gmail.com,"54046 Vanessa Roads, North Laurieland, OR 86735"
919,Marc Williams,marcwilliams@gmail.com,"64396 Olson Tunnel, Swansonmouth, CA 74049"
920,Sheri Thompson,sherithompson@gmail.com,"Unit 3760 Box 7823, DPO AP 07222"
921,David Zimmerman,davidzimmerman@gmail.com,"286 Kurt Vista Apt. 511, Port Samanthahaven, MH 57641"
922,Vanessa Carlson,vanessacarlson@gmail.com,"4383 Clark Island Apt. 615, Paulaview, RI 49015"
923,David Mcgee,davidmcgee@gmail.com,"7476 Adam Lake, Thompsonbury, NV 04165"
924,Terry Bullock,terrybullock@gmail.com,"94451 Wilson Inlet Apt. 476, East William, MT 86475"
925,Mr. Alex Ibarra,mr.ibarra@gmail.com,"147 Green Flat Apt. 683, Lesliemouth, FL 20204"
926,Charlotte Parker,charlotteparker@gmail.com,"05047 Rhonda Cliff, West Josebury, FM 42358"
927,Joyce Davis,joycedavis@gmail.com,"PSC 4887, Box 9042, APO AA 07146"
928,Jennifer Boone,jenniferboone@gmail.com,"1571 Maria Plains, East Kylechester, PR 96603"
929,Rebecca Lowe,rebeccalowe@gmail.com,"8162 Deborah River, Port Barbara, MP 87132"
930,Benjamin Juarez,benjaminjuarez@gmail.com,"61214 Phillips Ports Apt. 343, South Shannonborough, MA 97444"
931,Marie Rosales,marierosales@gmail.com,"572 Steven Fields Apt. 702, South Angela, OR 20752"
932,Samantha Smith,samanthasmith@gmail.com,"04203 Kayla Hills, Lewischester, TX 30624"
933,Steven Flynn,stevenflynn@gmail.com,"700 Robinson Key Suite 474, Port Heatherton, AZ 94202"
934,John Long,johnlong@gmail.com,"826 Heather Garden, Raymondland, CO 05495"
935,Charles Duran,charlesduran@gmail.com,"666 Tyler Spurs Apt. 997, Reidmouth, VI 34586"
936,David King,davidking@gmail.com,"3706 Teresa Lodge, East Garystad, AL 78305"
937,James Williams,jameswilliams@gmail.com,"Unit 4301 Box 4267, DPO AP 77313"
938,Kerri Barker,kerribarker@gmail.com,"9733 Coleman Valley, New Jasonfurt, TN 79333"
939,Kelli Wells,kelliwells@gmail.com,"82397 Kathleen Knoll, North Charlesmouth, NV 07966"
940,Elizabeth Ward,elizabethward@gmail.com,"2645 Jacqueline Plains Suite 830, South Douglas, MN 13541"
941,Amy Chung,amychung@gmail.com,"208 Sylvia Hill, Joneschester, WA 51018"
942,Dana Stark,danastark@gmail.com,"4779 Shannon Mills, Kathrynbury, CA 39508"
943,Donna Jones,donnajones@gmail.com,"Unit 3629 Box 3049, DPO AE 15481"
944,Katherine Peck,katherinepeck@gmail.com,"7177 Douglas Skyway Suite 181, Kennethstad, WI 17230"
945,Laura Mullins,lauramullins@gmail.com,"8698 Walsh Centers Apt. 999, Woodstown, GA 91168"
946,Janet Peterson,janetpeterson@gmail.com,"032 Lee Unions, North Cassidy, MN 49456"
947,James Santana,jamessantana@gmail.com,"0311 Roy Corner Suite 290, Hunterside, SD 18868"
948,Carlos Frost,carlosfrost@gmail.com,"1967 Ryan Cove Apt. 640, Tiffanyborough, MN 13809"
949,Carlos Taylor,carlostaylor@gmail.com,"9037 Fitzgerald Islands, Landryland, PR 12621"
950,Nathan Wright,nathanwright@gmail.com,"819 Johnson Ferry, North Sarashire, OR 69771"
951,Michael Briggs,michaelbriggs@gmail.com,"11196 Clark Meadows, New Kathryn, CT 20349"
952,Thomas Jennings,thomasjennings@gmail.com,"670 Reeves Rue, East Karen, OH 50222"
953,Jeffrey Hunter,jeffreyhunter@gmail.com,"24141 Shannon Union, East Lori, MD 96029"
954,William Lewis,williamlewis@gmail.com,"19008 Jones Island Apt. 930, Timothyside, GA 87137"
955,Mario Shaw,marioshaw@gmail.com,"32598 Hall Lake Suite 435, Cliffordberg, WA 38220"
956,Erik Martin,erikmartin@gmail.com,"38442 Daniels Branch Suite 226, Christopherport, PR 94947"
957,Brianna Harris,briannaharris@gmail.com,"51641 Wallace Ferry Apt. 348, Bauerstad, IA 09600"
958,Pamela Tyler,pamelatyler@gmail.com,"5256 Andrew Pines, West Patricia, PA 82298"
959,Brandon White,brandonwhite@gmail.com,"62740 Donna Shoals Suite 457, Jonathanchester, OK 16566"
960,Matthew King,matthewking@gmail.com,"585 Hughes Club Apt. 096, North Kevinview, NH 19921"
961,Jason Cardenas,jasoncardenas@gmail.com,"Unit 4820 Box 3258, DPO AA 64060"
962,Melissa Lopez,melissalopez@gmail.com,"6734 Baker Burgs, Grayview, PW 10703"
963,Mary Powers,marypowers@gmail.com,"263 Kevin Rapid Apt. 310, South Robert, NM 67959"
964,Jennifer Abbott,jenniferabbott@gmail.com,"Unit 3645 Box 9829, DPO AA 44960"
965,Dr. Henry Fischer MD,dr.md@gmail.com,"74985 Coleman Mission, East Ashleymouth, MA 08624"
966,Martin Dawson,martindawson@gmail.com,"645 Kramer Radial, Cynthiahaven, NE 61926"
967,April Brown,aprilbrown@gmail.com,"39614 Salas Corners Suite 951, Dianabury, NH 77697"
968,Melanie Bridges,melaniebridges@gmail.com,"83546 Brian Forks, Annaville, HI 24701"
969,Cody Sherman,codysherman@gmail.com,"Unit 4099 Box 7229, DPO AA 24508"
970,Jamie Williams,jamiewilliams@gmail.com,"92747 Simpson Roads, Port Michellebury, IN 93599"
971,Jose White,josewhite@gmail.com,"9276 Harris Crescent, North Melissachester, PA 47310"
972,Shirley Gallegos,shirleygallegos@gmail.com,"25848 Moran Motorway Apt. 104, East Cathyfort, MT 53606"
973,Alan Rios,alanrios@gmail.com,"1797 Bryant Estates Suite 204, Jessicahaven, ID 75668"
974,Karen Carlson,karencarlson@gmail.com,"8676 White Rapids, South Rogerport, OR 80450"
975,William Osborn,williamosborn@gmail.com,"02797 Kyle Glen, Cardenasburgh, AS 26443"
976,Billy Price,billyprice@gmail.com,"76058 Brown Drives, East Crystalstad, AK 48324"
977,Ashley Lyons,ashleylyons@gmail.com,"0457 Charles Shores, North Charlene, CO 91475"
978,Lauren Webb,laurenwebb@gmail.com,"92033 Webster Meadow Suite 269, Cassidyton, MO 34845"
979,Brent Mathews,brentmathews@gmail.com,"Unit 4235 Box 2608, DPO AP 56968"
980,Debbie Wiggins,debbiewiggins@gmail.com,"260 Byrd Gateway Apt. 235, New Billytown, NE 42398"
981,Brittany Gay,brittanygay@gmail.com,"699 Brianna Lodge Apt. 910, Matthewfurt, IL 55012"
982,Ebony Dominguez,ebonydominguez@gmail.com,"9293 Julie Crossroad Apt. 879, Port Michael, NE 55384"
983,Kara Barrett,karabarrett@gmail.com,"525 Monica Ways Suite 685, East Christopher, OR 76586"
984,Nathan Mckenzie,nathanmckenzie@gmail.com,"063 Bianca Gateway Apt. 986, South Heather, CO 33668"
985,Amanda Taylor,amandataylor@gmail.com,"989 Joseph Crossing, Jenniferton, MA 68395"
986,Noah Cooley,noahcooley@gmail.com,"602 Jerry River Apt. 015, Dianeview, PR 35248"
987,Jeffery Ramos,jefferyramos@gmail.com,"522 Haynes Extension Suite 971, Lake Andreport, IA 70743"
988,Christopher Banks,christopherbanks@gmail.com,"567 Howard Landing Suite 982, Castilloside, MN 51388"
989,Douglas Robinson,douglasrobinson@gmail.com,"919 Alexander Way, Frankmouth, SD 28684"
990,Daniel Valdez,danielvaldez@gmail.com,"PSC 6903, Box 4917, APO AP 06051"
991,Lucas Palmer,lucaspalmer@gmail.com,"Unit 1456 Box 1664, DPO AE 75788"
992,Sheila Scott,sheilascott@gmail.com,"0515 Curry Locks, Gibsontown, ND 57924"
993,Gabriella Robinson,gabriellarobinson@gmail.com,"35584 Davenport Court, West Austin, CA 98037"
994,Jennifer Harmon,jenniferharmon@gmail.com,"0215 David Divide, South Jessica, OH 08484"
995,Michele Cline,michelecline@gmail.com,"854 Ruben Square Suite 701, Kellyville, NC 40417"
996,Tiffany Austin,tiffanyaustin@gmail.com,"492 Chavez Inlet Apt. 889, Gentrystad, AL 25086"
997,Bianca Holmes,biancaholmes@gmail.com,"253 Clark River Suite 468, South Tylermouth, RI 97829"
998,Curtis Walsh,curtiswalsh@gmail.com,"54493 Angela Falls, Andrewfurt, IA 36031"
999,Ryan Gallegos,ryangallegos@gmail.com,"026 Meadows Locks Suite 580, East David, NY 60227"
1000,Jessica Robertson,jessicarobertson@gmail.com,"964 Allison Landing Suite 809, Barryville, IA 03679"
